ID,Name,Team,Pos,Role/Order,DH,Age,Arch,Trait1,Trait2,Trait3,TraitCount,Contact,Con.Timing,Con.Barrel,Power,Pow.Str,Pow.BatSpd,Pow.Elev,Disc,Disc.Eye,Disc.Restr,Speed,Spd.Sprint,Spd.Inst,Defense,def.Range,def.reaction,def.glove,def.ArmStr,def.ArmAcc,Max Stam,Cur Stam,Velo,Vel.ArmSpd,Vel.Decept,Control,Ctrl.Acc,Ctrl.Cmd,Move,Mov.Spin,Mov.Bite,Cur Hit Strk,Max Hit Strk,Cur OBP Strk,Max OBP Strk,Cur Scoreless Outs,Max Scoreless Outs,Recent Form
2.026E+11,Jim Johnson,DiamondBucs,SS,1,No,29,Jeter,Platoon Punisher,-,-,1,85,83,88,62,56,70,60,74,76,72,66,61,71,66,56,60,75,73,66,68,68,30,30,30,30,30,30,30,30,30,0,0,0,0,0,0,
2.026E+11,Cy Gehrig,DiamondBucs,3B,7,No,22,Schmidt,-,-,-,0,65,65,66,85,90,83,83,82,85,80,52,49,55,72,46,86,81,91,88,59,59,30,30,30,30,30,30,30,30,30,0,0,0,0,0,0,
2.026E+11,Joseph Gehrig,DiamondBucs,C,4,No,24,Molina,-,-,-,0,69,65,74,60,66,61,53,63,71,56,45,45,45,72,40,75,93,80,88,58,58,30,30,30,30,30,30,30,30,30,0,0,0,0,0,0,
2.026E+11,Brian Walker,DiamondBucs,2B,3,No,26,Kent,-,-,-,0,77,79,75,78,81,71,82,68,73,64,45,45,45,62,43,86,66,79,77,76,76,30,30,30,30,30,30,30,30,30,0,0,0,0,0,0,
2.026E+11,James Thomas,DiamondBucs,LF,9,No,23,Rickey,-,-,-,0,78,84,73,63,59,76,56,84,85,83,92,88,96,74,94,52,71,59,58,69,69,30,30,30,30,30,30,30,30,30,0,0,0,0,0,0,
2.026E+11,Tyler Jones,DiamondBucs,RF,2,No,33,Gwynn,Launch Angle God,-,-,1,89,92,87,48,45,54,45,88,92,84,62,53,71,67,63,60,77,65,62,73,73,30,30,30,30,30,30,30,30,30,0,0,0,0,0,0,
2.026E+11,Zachary Ramirez,DiamondBucs,3B,8,Yes,32,Schmidt,-,-,-,0,69,62,77,90,97,91,83,79,82,76,48,45,52,69,40,93,91,77,77,74,74,30,30,30,30,30,30,30,30,30,0,0,0,0,0,0,
2.026E+11,Robert Anderson,DiamondBucs,CF,6,No,22,Ichiro,Speed Demon,-,-,1,82,88,77,45,45,45,45,67,78,57,83,80,87,79,77,82,83,80,76,73,73,30,30,30,30,30,30,30,30,30,0,0,0,0,0,0,
2.026E+11,Jackie Johnson,DiamondBucs,2B,Bench,No,31,Zobrist,-,-,-,0,77,70,84,80,87,88,67,74,72,76,73,68,78,67,58,59,75,73,64,69,69,30,30,30,30,30,30,30,30,30,0,0,0,0,0,0,
2.026E+11,Eric Griffey,DiamondBucs,1B,5,No,25,Gehrig,Unfazed,-,-,1,92,93,92,83,89,86,75,83,83,83,45,45,45,62,44,60,86,66,51,64,64,30,30,30,30,30,30,30,30,30,0,0,0,0,0,0,
2.026E+11,Babe Moore,DiamondBucs,C,Bench,No,24,Mauer,Launch Angle God,-,-,1,80,86,74,57,63,57,53,83,87,80,53,54,52,61,54,60,60,68,73,72,72,30,30,30,30,30,30,30,30,30,0,0,0,0,0,0,
2.026E+11,Hank Hernandez,DiamondBucs,CF,Bench,No,20,Mays,Gold Glover,-,-,1,65,59,71,80,85,75,80,70,72,68,81,81,81,86,81,90,94,91,75,69,69,30,30,30,30,30,30,30,30,30,0,0,0,0,0,0,
2.026E+11,Brandon Gonzalez,DiamondBucs,LF,Bench,No,19,Zobrist,-,-,-,0,76,69,84,69,57,82,70,78,76,80,71,68,75,70,66,72,73,79,64,68,68,30,30,30,30,30,30,30,30,30,0,0,0,0,0,0,
2.026E+11,Steven Mays,DiamondBucs,P,SP1,No,22,Ryan,Pitch to Contact,Escape Artist,-,2,15,15,15,15,15,15,15,15,15,15,12,10,15,51,50,50,50,60,50,92,92,93,96,91,58,51,65,77,83,72,0,0,0,0,0,0,
2.026E+11,Jim Brown,DiamondBucs,P,SP2,No,34,Wakefield,Lights Out,-,-,1,15,15,15,15,15,15,15,15,15,15,17,19,15,51,50,50,50,60,50,95,95,46,45,47,67,68,67,69,45,93,0,0,0,0,0,0,
2.026E+11,Hank Miller,DiamondBucs,P,SP3,No,29,Buehrle,Marathon Man,-,-,1,15,15,15,15,15,15,15,15,15,15,19,23,15,51,50,50,50,60,50,92,92,66,58,75,78,84,73,74,61,88,0,0,0,0,0,0,
2.026E+11,Brandon Ryan,DiamondBucs,P,SP4,No,28,Pedro,Rubber Arm,-,-,1,15,15,15,15,15,15,15,15,15,15,19,24,15,51,50,50,50,60,50,80,80,86,84,89,77,71,83,90,88,92,0,0,0,0,0,0,
2.026E+11,David Ramirez,DiamondBucs,P,SP5,No,27,Pedro,Escape Artist,Pitch to Contact,Lights Out,3,15,15,15,15,15,15,15,15,15,15,20,26,15,51,50,50,50,60,50,80,80,86,89,84,80,80,80,86,95,78,0,0,0,0,0,0,
2.026E+11,William Smith,DiamondBucs,P,CL,No,23,Rivera,Putaway Pitcher,-,-,1,15,15,15,15,15,15,15,15,15,15,19,23,15,51,50,50,50,60,50,23,23,77,77,78,85,88,83,84,81,88,0,0,0,0,0,0,
2.026E+11,Kevin Lee,DiamondBucs,P,SU,No,30,Gagne,Pitch to Contact,-,-,1,15,15,15,15,15,15,15,15,15,15,15,16,15,51,50,50,50,60,50,30,30,80,82,79,74,75,73,78,83,74,0,0,0,0,0,0,
2.026E+11,Hank Harris,DiamondBucs,P,SU,No,28,Rivera,Pitch to Contact,-,-,1,15,15,15,15,15,15,15,15,15,15,15,16,15,51,50,50,50,60,50,22,22,78,81,75,85,86,85,91,90,93,0,0,0,0,0,0,
2.026E+11,Robert Lopez,DiamondBucs,P,LR,No,38,Hader,-,-,-,0,15,15,15,15,15,15,15,15,15,15,18,22,15,51,50,50,50,60,50,45,45,87,92,82,58,58,58,80,89,71,0,0,0,0,0,0,
2.026E+11,Andrew Garcia,DiamondBucs,P,LR,No,26,Fingers,Rubber Arm,-,-,1,15,15,15,15,15,15,15,15,15,15,21,28,15,51,50,50,50,60,50,50,50,73,73,74,82,80,84,78,81,75,0,0,0,0,0,0,
2.026E+11,Matthew Gwynn,DiamondBucs,P,MR,No,21,Hader,-,-,-,0,15,15,15,15,15,15,15,15,15,15,14,13,15,51,50,50,50,60,50,52,52,87,93,82,70,63,78,74,83,65,0,0,0,0,0,0,
2.026E+11,Ryan Johnson,DiamondBucs,P,MR,No,23,Fingers,Putaway Pitcher,Groundball Guru,-,2,15,15,15,15,15,15,15,15,15,15,12,10,15,51,50,50,50,60,50,43,43,68,67,70,80,82,78,83,80,86,0,0,0,0,0,0,
2.026E+11,Jim Hernandez,DiamondBucs,P,MR,No,19,Fingers,Putaway Pitcher,-,-,1,15,15,15,15,15,15,15,15,15,15,13,11,15,51,50,50,50,60,50,46,46,72,76,69,85,82,89,82,86,78,0,0,0,0,0,0,
2.026E+11,Cy Gehrig,DiamondBucs,CF,Minors,No,19,Griffey,Unfazed,-,-,1,52,46,59,57,62,63,47,46,46,47,55,57,54,56,57,67,49,62,66,69,69,30,30,30,30,30,30,30,30,30,0,0,0,0,0,0,
2.026E+11,Lou Brown,DiamondBucs,RF,Minors,No,19,Gwynn,Platoon Punisher,Launch Angle God,-,2,64,63,66,45,45,45,45,66,66,66,45,45,45,48,41,45,58,45,48,80,80,30,30,30,30,30,30,30,30,30,0,0,0,0,0,0,
2.026E+11,Ryan Gehrig,DiamondBucs,SS,Minors,No,21,Zobrist,Table Setter,-,-,1,58,61,55,59,62,66,51,53,52,54,47,45,50,53,47,45,65,45,53,75,75,30,30,30,30,30,30,30,30,30,0,0,0,0,0,0,
2.026E+11,Joshua Gwynn,DiamondBucs,3B,Minors,No,24,Schmidt,-,-,-,0,52,46,58,65,73,65,58,62,70,55,45,45,45,58,45,56,64,70,60,75,75,30,30,30,30,30,30,30,30,30,0,0,0,0,0,0,
2.026E+11,Ty Clark,DiamondBucs,CF,Minors,Yes,23,Mays,-,-,-,0,61,52,71,61,62,56,65,53,53,54,63,66,60,65,66,60,65,64,65,75,75,30,30,30,30,30,30,30,30,30,0,0,0,0,0,0,
2.026E+11,Brian Martinez,DiamondBucs,2B,Minors,No,20,Alomar,-,-,-,0,55,57,54,48,45,54,45,61,61,61,51,52,51,57,49,62,63,59,61,81,81,30,30,30,30,30,30,30,30,30,0,0,0,0,0,0,
2.026E+11,Kyle Lewis,DiamondBucs,2B,Minors,No,20,Zobrist,Launch Angle God,-,-,1,49,50,49,53,56,58,47,65,65,65,50,50,51,47,51,55,45,47,45,80,80,30,30,30,30,30,30,30,30,30,0,0,0,0,0,0,
2.026E+11,Kevin Garcia,DiamondBucs,1B,Minors,No,22,Pujols,-,-,-,0,57,60,55,70,67,73,72,53,58,48,45,45,45,49,40,45,59,49,51,77,77,30,30,30,30,30,30,30,30,30,0,0,0,0,0,0,
2.026E+11,Steven Harris,DiamondBucs,LF,Minors,No,18,Williams,-,-,-,0,69,67,71,61,55,65,65,67,73,62,45,45,45,44,41,45,45,45,49,66,66,30,30,30,30,30,30,30,30,30,0,0,0,0,0,0,
2.026E+11,Joseph Davis,DiamondBucs,RF,Minors,No,26,Dunn,Platoon Punisher,-,-,1,48,45,51,65,75,56,66,60,62,59,45,45,45,44,42,45,45,45,45,93,93,30,30,30,30,30,30,30,30,30,0,0,0,0,0,0,
2.026E+11,Anthony Thompson,DiamondBucs,1B,Minors,No,24,Gehrig,Unfazed,-,-,1,61,65,58,58,56,51,69,61,55,68,45,45,45,47,42,45,50,56,45,81,81,30,30,30,30,30,30,30,30,30,0,0,0,0,0,0,
2.026E+11,Brandon Hernandez,DiamondBucs,LF,Minors,No,18,Williams,Speed Demon,Clutch,-,2,53,53,54,69,70,62,75,65,62,68,45,45,45,44,42,45,45,45,45,69,69,30,30,30,30,30,30,30,30,30,0,0,0,0,0,0,
2.026E+11,Brian Lee,DiamondBucs,C,Minors,No,18,Zobrist,-,-,-,0,55,57,53,54,54,59,50,60,61,60,51,55,48,49,50,46,48,46,53,66,66,30,30,30,30,30,30,30,30,30,0,0,0,0,0,0,
2.026E+11,Steven Miller,DiamondBucs,P,Minors,No,21,Lincecum,Groundball Guru,-,-,1,15,15,15,15,15,15,15,15,15,15,15,15,15,51,50,50,50,60,50,78,78,62,65,60,47,45,49,70,76,65,0,0,0,0,0,0,
2.026E+11,Steven Ripken,DiamondBucs,P,Minors,No,19,Gibson,Marathon Man,Rubber Arm,-,2,15,15,15,15,15,15,15,15,15,15,18,21,15,51,50,50,50,60,50,95,95,52,53,52,68,71,65,54,54,55,0,0,0,0,0,0,
2.026E+11,Jim Moore,DiamondBucs,P,Minors,No,28,Gibson,-,-,-,0,15,15,15,15,15,15,15,15,15,15,13,12,15,51,50,50,50,60,50,95,95,62,62,63,58,69,47,57,52,62,0,0,0,0,0,0,
2.026E+11,Tyler Martinez,DiamondBucs,P,Minors,No,22,Wakefield,Rubber Arm,-,-,1,15,15,15,15,15,15,15,15,15,15,17,20,15,51,50,50,50,60,50,95,95,45,45,45,51,54,48,58,45,72,0,0,0,0,0,0,
2.026E+11,Ryan Clark,DiamondBucs,P,Minors,No,25,Pedro,-,-,-,0,15,15,15,15,15,15,15,15,15,15,16,18,15,51,50,50,50,60,50,80,80,57,61,53,53,62,45,58,63,53,0,0,0,0,0,0,
2.026E+11,Stan Miller,DiamondBucs,P,Minors,No,21,Rivera,Rubber Arm,-,-,1,15,15,15,15,15,15,15,15,15,15,13,11,15,51,50,50,50,60,50,20,20,49,45,53,63,64,62,61,57,66,0,0,0,0,0,0,
2.026E+11,Jacob Taylor,DiamondBucs,P,Minors,No,25,Gagne,-,-,-,0,15,15,15,15,15,15,15,15,15,15,17,20,15,51,50,50,50,60,50,28,28,59,59,59,56,57,56,62,59,66,0,0,0,0,0,0,
2.026E+11,Christopher Hernandez,DiamondBucs,P,Minors,No,22,Gagne,-,-,-,0,15,15,15,15,15,15,15,15,15,15,18,21,15,51,50,50,50,60,50,21,21,54,55,53,50,48,52,59,56,62,0,0,0,0,0,0,
2.026E+11,Andrew Johnson,DiamondBucs,P,Minors,No,24,Fingers,-,-,-,0,15,15,15,15,15,15,15,15,15,15,20,26,15,51,50,50,50,60,50,43,43,51,52,51,60,61,59,68,61,75,0,0,0,0,0,0,
2.026E+11,Matthew Lewis,DiamondBucs,P,Minors,No,19,Fingers,Rubber Arm,-,-,1,15,15,15,15,15,15,15,15,15,15,21,27,15,51,50,50,50,60,50,45,45,51,52,51,58,57,60,60,64,57,0,0,0,0,0,0,
2.026E+11,Jim Lewis,DiamondBucs,P,Minors,No,20,Miller,Putaway Pitcher,-,-,1,15,15,15,15,15,15,15,15,15,15,22,30,15,51,50,50,50,60,50,59,59,63,65,62,51,49,53,60,52,68,0,0,0,0,0,0,
2.026E+11,Lou White,DiamondBucs,P,Minors,No,18,Fingers,-,-,-,0,15,15,15,15,15,15,15,15,15,15,22,30,15,51,50,50,50,60,50,44,44,55,50,60,66,65,68,62,60,65,0,0,0,0,0,0,
2.026E+11,Ty Taylor,DiamondBucs,P,Minors,No,26,Fingers,Groundball Guru,-,-,1,15,15,15,15,15,15,15,15,15,15,22,29,15,51,50,50,50,60,50,51,51,57,62,52,68,63,73,54,59,49,0,0,0,0,0,0,
2.026E+11,Kyle Ramirez,Minutemen,RF,6,No,32,Ruth,Launch Angle God,Speed Demon,-,2,81,78,85,84,97,82,75,84,86,83,45,45,45,52,47,52,45,70,62,63,63,30,30,30,30,30,30,30,30,30,0,0,0,0,0,0,
2.026E+11,Tyler Perez,Minutemen,1B,3,No,23,Pujols,Table Setter,-,-,1,83,81,85,85,94,75,86,80,88,72,45,45,45,63,40,62,84,63,70,70,70,30,30,30,30,30,30,30,30,30,0,0,0,0,0,0,
2.026E+11,Joshua Jones,Minutemen,CF,1,No,24,Ichiro,-,-,-,0,84,81,87,45,47,45,45,73,67,79,82,91,74,86,92,81,81,83,88,72,72,30,30,30,30,30,30,30,30,30,0,0,0,0,0,0,
2.026E+11,Jackie Aaron,Minutemen,CF,8,Yes,24,Lofton,-,-,-,0,80,86,75,64,68,68,56,72,76,69,91,89,93,76,88,85,82,57,64,66,66,30,30,30,30,30,30,30,30,30,0,0,0,0,0,0,
2.026E+11,Michael Griffey,Minutemen,2B,2,No,28,Dunn,-,-,-,0,66,59,74,89,99,74,96,81,87,76,45,45,45,49,52,45,50,45,50,74,74,30,30,30,30,30,30,30,30,30,0,0,0,0,0,0,
2.026E+11,Brandon Miller,Minutemen,C,4,No,24,Bench,Clutch,Speed Demon,-,2,63,62,65,84,85,77,90,71,65,77,46,45,48,70,42,62,80,88,88,69,69,30,30,30,30,30,30,30,30,30,0,0,0,0,0,0,
2.026E+11,Daniel Anderson,Minutemen,1B,Bench,No,22,Dunn,First Pitch Killer,-,-,1,57,46,68,86,99,76,83,86,88,85,45,45,45,45,40,50,45,47,54,67,67,30,30,30,30,30,30,30,30,30,0,0,0,0,0,0,
2.026E+11,Cy Anderson,Minutemen,LF,5,No,22,Dunn,-,-,-,0,59,53,66,90,99,76,95,81,77,85,45,45,45,47,43,45,52,48,45,70,70,30,30,30,30,30,30,30,30,30,0,0,0,0,0,0,
2.026E+11,William Wilson,Minutemen,SS,9,No,21,Jeter,First Pitch Killer,-,-,1,83,89,77,62,60,75,52,73,77,70,70,61,80,72,56,51,85,71,82,66,66,30,30,30,30,30,30,30,30,30,0,0,0,0,0,0,
2.026E+11,Mark Gehrig,Minutemen,C,Bench,No,26,Molina,-,-,-,0,67,65,69,57,60,59,54,61,62,60,45,45,45,75,46,77,83,96,97,71,71,30,30,30,30,30,30,30,30,30,0,0,0,0,0,0,
2.026E+11,Nolan Ripken,Minutemen,3B,7,No,23,Zobrist,Speed Demon,Launch Angle God,-,2,72,80,64,70,72,72,67,82,80,85,73,77,69,77,79,59,80,72,77,73,73,30,30,30,30,30,30,30,30,30,0,0,0,0,0,0,
2.026E+11,Justin Lopez,Minutemen,LF,Bench,No,29,Bonds,-,-,-,0,78,75,82,92,99,92,86,87,88,86,78,69,87,72,70,66,75,69,78,79,79,30,30,30,30,30,30,30,30,30,0,0,0,0,0,0,
2.026E+11,Nicholas Gwynn,Minutemen,RF,Bench,No,23,Ichiro,Launch Angle God,-,-,1,83,85,82,48,45,54,45,72,77,67,88,90,86,82,87,79,76,78,92,69,69,30,30,30,30,30,30,30,30,30,0,0,0,0,0,0,
2.026E+11,Babe Mantle,Minutemen,P,SP1,No,29,R.Johnson,Ice in the Veins,-,-,1,15,15,15,15,15,15,15,15,15,15,19,23,15,51,50,50,50,60,50,85,85,91,90,92,71,68,74,88,84,93,0,0,0,0,0,0,
2.026E+11,Brian Griffey,Minutemen,P,SP2,No,31,Pedro,-,-,-,0,15,15,15,15,15,15,15,15,15,15,22,30,15,51,50,50,50,60,50,80,80,83,87,79,73,73,74,93,96,91,0,0,0,0,0,0,
2.026E+11,Eric Ruth,Minutemen,P,SP3,No,25,Lincecum,Escape Artist,Ice in the Veins,-,2,15,15,15,15,15,15,15,15,15,15,13,12,15,51,50,50,50,60,50,78,78,88,91,86,61,60,63,86,84,89,0,0,0,0,0,0,
2.026E+11,Jonathan Harris,Minutemen,P,SP4,No,22,Gibson,Pitch to Contact,-,-,1,15,15,15,15,15,15,15,15,15,15,19,23,15,51,50,50,50,60,50,95,95,86,81,91,77,77,77,75,78,73,0,0,0,0,0,0,
2.026E+11,Joseph Walker,Minutemen,P,SP5,No,18,Wakefield,Pitch to Contact,-,-,1,15,15,15,15,15,15,15,15,15,15,15,15,15,51,50,50,50,60,50,95,95,50,45,56,68,62,75,70,45,96,0,0,0,0,0,0,
2.026E+11,Thomas Harris,Minutemen,P,CL,No,33,Rivera,-,-,-,0,15,15,15,15,15,15,15,15,15,15,12,10,15,51,50,50,50,60,50,29,29,80,91,70,93,96,91,92,85,99,0,0,0,0,0,0,
2.026E+11,Daniel Lopez,Minutemen,P,SU,No,23,Rivera,Escape Artist,-,-,1,15,15,15,15,15,15,15,15,15,15,22,30,15,51,50,50,50,60,50,15,15,76,78,75,82,79,85,85,80,90,0,0,0,0,0,0,
2.026E+11,Robert Ryan,Minutemen,P,SU,No,28,Gagne,-,-,-,0,15,15,15,15,15,15,15,15,15,15,21,28,15,51,50,50,50,60,50,25,25,79,86,73,78,80,76,78,79,78,0,0,0,0,0,0,
2.026E+11,Matthew Thompson,Minutemen,P,LR,No,28,Fingers,-,-,-,0,15,15,15,15,15,15,15,15,15,15,14,14,15,51,50,50,50,60,50,42,42,69,63,75,84,89,79,83,82,85,0,0,0,0,0,0,
2.026E+11,James Gonzalez,Minutemen,P,LR,No,34,Fingers,Escape Artist,-,-,1,15,15,15,15,15,15,15,15,15,15,22,30,15,51,50,50,50,60,50,48,48,63,62,65,83,91,75,74,75,74,0,0,0,0,0,0,
2.026E+11,David Gehrig,Minutemen,P,MR,No,25,Hader,-,-,-,0,15,15,15,15,15,15,15,15,15,15,18,22,15,51,50,50,50,60,50,55,55,84,83,86,60,59,62,78,83,73,0,0,0,0,0,0,
2.026E+11,Jim Gonzalez,Minutemen,P,MR,No,27,Hader,-,-,-,0,15,15,15,15,15,15,15,15,15,15,19,24,15,51,50,50,50,60,50,42,42,77,68,86,61,52,71,78,80,76,0,0,0,0,0,0,
2.026E+11,Babe Taylor,Minutemen,P,MR,No,29,Hader,Rubber Arm,-,-,1,15,15,15,15,15,15,15,15,15,15,20,25,15,51,50,50,50,60,50,56,56,86,93,79,68,65,72,81,83,79,0,0,0,0,0,0,
2.026E+11,Stan Anderson,Minutemen,C,Minors,No,21,Bench,-,-,-,0,52,50,54,61,59,57,67,47,45,49,45,45,45,49,41,45,59,46,53,84,84,30,30,30,30,30,30,30,30,30,0,0,0,0,0,0,
2.026E+11,James Gehrig,Minutemen,1B,Minors,No,20,Dunn,-,-,-,0,46,45,47,68,81,57,66,63,67,60,45,45,45,43,40,45,45,45,45,71,71,30,30,30,30,30,30,30,30,30,0,0,0,0,0,0,
2.026E+11,Ty Ramirez,Minutemen,1B,Minors,Yes,18,Keith,-,-,-,0,54,53,55,48,45,54,45,54,52,56,45,45,45,56,44,59,68,58,54,85,85,30,30,30,30,30,30,30,30,30,0,0,0,0,0,0,
2.026E+11,Zachary Ruth,Minutemen,SS,Minors,No,18,Jeter,-,-,-,0,64,66,62,47,47,51,45,51,53,50,55,55,56,54,52,49,49,59,68,73,73,30,30,30,30,30,30,30,30,30,0,0,0,0,0,0,
2.026E+11,Stan Wilson,Minutemen,3B,Minors,No,18,Schmidt,Speed Demon,-,-,1,52,45,59,71,77,70,67,61,63,59,45,45,45,59,44,63,60,74,72,73,73,30,30,30,30,30,30,30,30,30,0,0,0,0,0,0,
2.026E+11,Jacob Ripken,Minutemen,LF,Minors,No,19,Rickey,Clutch,-,-,1,52,54,50,46,45,48,45,65,66,65,67,64,70,51,61,46,47,45,45,66,66,30,30,30,30,30,30,30,30,30,0,0,0,0,0,0,
2.026E+11,John White,Minutemen,2B,Minors,No,20,Kent,-,-,-,0,53,48,58,60,62,59,59,52,53,52,45,45,45,50,44,66,51,64,50,75,75,30,30,30,30,30,30,30,30,30,0,0,0,0,0,0,
2.026E+11,Steven Miller,Minutemen,RF,Minors,No,20,Ruth,-,-,-,0,57,56,58,67,65,68,69,57,64,50,45,45,45,47,43,45,46,51,54,73,73,30,30,30,30,30,30,30,30,30,0,0,0,0,0,0,
2.026E+11,Mickey Martinez,Minutemen,LF,Minors,No,25,Bonds,-,-,-,0,56,62,51,62,58,70,59,69,68,70,51,48,55,46,42,53,45,50,54,71,71,30,30,30,30,30,30,30,30,30,0,0,0,0,0,0,
2.026E+11,Christopher Miller,Minutemen,CF,Minors,No,21,Lofton,-,-,-,0,58,62,54,49,45,58,45,53,52,55,66,67,65,58,65,70,63,47,45,71,71,30,30,30,30,30,30,30,30,30,0,0,0,0,0,0,
2.026E+11,James Jones,Minutemen,RF,Minors,No,18,Gwynn,-,-,-,0,66,70,63,46,45,49,45,66,65,68,45,45,45,54,47,45,69,49,46,71,71,30,30,30,30,30,30,30,30,30,0,0,0,0,0,0,
2.026E+11,Babe Williams,Minutemen,3B,Minors,No,20,Schmidt,Table Setter,-,-,1,57,49,65,67,68,67,67,67,67,67,46,45,47,56,40,68,66,68,57,72,72,30,30,30,30,30,30,30,30,30,0,0,0,0,0,0,
2.026E+11,Jonathan White,Minutemen,SS,Minors,No,22,Zobrist,Gold Glover,-,-,1,50,45,55,53,56,57,46,62,63,61,49,51,48,53,50,56,52,48,67,86,86,30,30,30,30,30,30,30,30,30,0,0,0,0,0,0,
2.026E+11,Brandon Lee,Minutemen,P,Minors,No,19,Ryan,-,-,-,0,15,15,15,15,15,15,15,15,15,15,18,22,15,51,50,50,50,60,50,92,92,66,68,65,45,45,45,52,56,49,0,0,0,0,0,0,
2.026E+11,Eric Thompson,Minutemen,P,Minors,No,25,Maddux,-,-,-,0,15,15,15,15,15,15,15,15,15,15,20,26,15,51,50,50,50,60,50,88,88,48,47,49,66,69,64,62,53,72,0,0,0,0,0,0,
2.026E+11,Matthew Williams,Minutemen,P,Minors,No,18,Wakefield,-,-,-,0,15,15,15,15,15,15,15,15,15,15,22,30,15,51,50,50,50,60,50,95,95,45,45,45,51,46,56,60,45,75,0,0,0,0,0,0,
2.026E+11,Thomas Brown,Minutemen,P,Minors,No,21,Lincecum,-,-,-,0,15,15,15,15,15,15,15,15,15,15,22,30,15,51,50,50,50,60,50,78,78,65,69,62,45,45,45,65,58,72,0,0,0,0,0,0,
2.026E+11,Mark Perez,Minutemen,P,Minors,No,19,Gibson,-,-,-,0,15,15,15,15,15,15,15,15,15,15,20,26,15,51,50,50,50,60,50,95,95,66,64,69,53,50,57,52,57,47,0,0,0,0,0,0,
2.026E+11,Jackie White,Minutemen,P,Minors,No,23,Chapman,Lights Out,-,-,1,15,15,15,15,15,15,15,15,15,15,20,26,15,51,50,50,50,60,50,21,21,66,64,69,51,45,57,49,45,53,0,0,0,0,0,0,
2.026E+11,Christopher Hernandez,Minutemen,P,Minors,No,21,Rivera,Escape Artist,-,-,1,15,15,15,15,15,15,15,15,15,15,18,22,15,51,50,50,50,60,50,22,22,57,63,51,67,66,68,66,55,78,0,0,0,0,0,0,
2.026E+11,Steven Brown,Minutemen,P,Minors,No,29,Chapman,-,-,-,0,15,15,15,15,15,15,15,15,15,15,22,29,15,51,50,50,50,60,50,22,22,64,73,56,45,45,45,56,61,51,0,0,0,0,0,0,
2.026E+11,Christopher Lewis,Minutemen,P,Minors,No,19,Miller,Lights Out,-,-,1,15,15,15,15,15,15,15,15,15,15,13,12,15,51,50,50,50,60,50,58,58,60,65,55,54,49,59,62,62,62,0,0,0,0,0,0,
2.026E+11,Richard Gwynn,Minutemen,P,Minors,No,21,Hader,Pitch to Contact,-,-,1,15,15,15,15,15,15,15,15,15,15,22,30,15,51,50,50,50,60,50,41,41,65,64,67,51,47,56,57,56,58,0,0,0,0,0,0,
2.026E+11,James Bonds,Minutemen,P,Minors,No,23,Fingers,Putaway Pitcher,-,-,1,15,15,15,15,15,15,15,15,15,15,18,22,15,51,50,50,50,60,50,47,47,54,48,60,53,52,55,51,53,50,0,0,0,0,0,0,
2.026E+11,David Brown,Minutemen,P,Minors,No,26,Hader,Escape Artist,-,-,1,15,15,15,15,15,15,15,15,15,15,22,30,15,51,50,50,50,60,50,40,40,64,74,54,49,45,53,62,65,60,0,0,0,0,0,0,
2.026E+11,Christopher Harris,Minutemen,P,Minors,No,24,Fingers,-,-,-,0,15,15,15,15,15,15,15,15,15,15,16,18,15,51,50,50,50,60,50,59,59,52,53,52,58,63,54,64,64,64,0,0,0,0,0,0,
2.026E+11,Brandon Lewis,Stormers,CF,1,No,25,Griffey,-,-,-,0,73,77,69,81,91,76,77,68,66,70,78,75,81,73,71,99,71,79,75,81,81,30,30,30,30,30,30,30,30,30,0,0,0,0,0,0,
2.026E+11,Joshua Ruth,Stormers,1B,4,No,25,Gehrig,-,-,-,0,77,74,81,84,86,78,88,77,77,77,45,45,45,59,48,66,64,69,66,87,87,30,30,30,30,30,30,30,30,30,0,0,0,0,0,0,
2.026E+11,Jackie Clark,Stormers,CF,3,Yes,34,Lofton,-,-,-,0,84,86,83,46,45,48,45,76,78,75,85,85,86,73,85,89,72,57,68,64,64,30,30,30,30,30,30,30,30,30,0,0,0,0,0,0,
2.026E+11,Richard Lee,Stormers,SS,8,No,21,Ripken,Clutch,-,-,1,77,74,81,73,76,72,71,66,67,65,45,45,45,69,44,92,81,89,78,75,75,30,30,30,30,30,30,30,30,30,0,0,0,0,0,0,
2.026E+11,Babe Wilson,Stormers,RF,9,No,23,Ruth,-,-,-,0,75,71,80,87,94,82,86,86,87,86,45,45,45,52,44,54,47,68,64,80,80,30,30,30,30,30,30,30,30,30,0,0,0,0,0,0,
2.026E+11,William Taylor,Stormers,2B,5,No,28,Alomar,-,-,-,0,77,82,73,64,66,64,62,67,66,69,76,72,80,75,70,90,78,79,77,80,80,30,30,30,30,30,30,30,30,30,0,0,0,0,0,0,
2.026E+11,Jim Ripken,Stormers,LF,7,No,31,Rickey,Clutch,-,-,1,80,78,82,59,59,69,49,85,85,85,94,94,95,74,90,63,69,65,62,78,78,30,30,30,30,30,30,30,30,30,0,0,0,0,0,0,
2.026E+11,Jonathan Bonds,Stormers,RF,Bench,No,26,Clemente,Clutch,-,-,1,88,86,91,67,59,75,68,66,64,69,69,66,72,80,66,88,84,99,86,57,57,30,30,30,30,30,30,30,30,30,0,0,0,0,0,0,
2.026E+11,John Miller,Stormers,2B,Bench,No,27,Morgan,Launch Angle God,-,-,1,73,74,72,75,69,88,69,92,99,85,73,68,79,70,65,64,74,77,65,75,75,30,30,30,30,30,30,30,30,30,0,0,0,0,0,0,
2.026E+11,Jim Mays,Stormers,LF,Bench,No,30,Zobrist,Speed Demon,-,-,1,83,90,76,66,64,68,68,75,68,82,74,71,77,70,70,77,77,76,54,73,73,30,30,30,30,30,30,30,30,30,0,0,0,0,0,0,
2.026E+11,Jonathan Ryan,Stormers,3B,6,No,28,Boggs,-,-,-,0,90,84,96,61,66,66,51,85,89,82,45,46,45,68,48,99,87,67,73,70,70,30,30,30,30,30,30,30,30,30,0,0,0,0,0,0,
2.026E+11,John Thomas,Stormers,3B,Bench,No,31,Schmidt,Launch Angle God,-,-,1,71,75,67,85,87,87,82,75,85,65,48,45,52,69,40,93,94,80,71,68,68,30,30,30,30,30,30,30,30,30,0,0,0,0,0,0,
2.026E+11,Justin Bonds,Stormers,C,2,No,32,Ichiro,Unfazed,-,-,1,89,87,92,50,45,61,45,62,61,64,84,85,84,84,81,83,88,86,80,67,67,30,30,30,30,30,30,30,30,30,0,0,0,0,0,0,
2.026E+11,Thomas Martin,Stormers,P,SP1,No,29,Pedro,-,-,-,0,15,15,15,15,15,15,15,15,15,15,22,29,15,51,50,50,50,60,50,80,80,80,91,70,74,71,78,93,96,91,0,0,0,0,0,0,
2.026E+11,Stan Lee,Stormers,P,SP2,No,22,R.Johnson,-,-,-,0,15,15,15,15,15,15,15,15,15,15,13,11,15,51,50,50,50,60,50,85,85,86,92,80,68,70,66,86,79,93,0,0,0,0,0,0,
2.026E+11,James Anderson,Stormers,P,SP3,No,28,Maddux,Pitch to Contact,-,-,1,15,15,15,15,15,15,15,15,15,15,15,15,15,51,50,50,50,60,50,88,88,61,56,66,92,92,93,87,86,88,0,0,0,0,0,0,
2.026E+11,Ryan Griffey,Stormers,P,SP4,No,29,Koufax,Putaway Pitcher,-,-,1,15,15,15,15,15,15,15,15,15,15,17,19,15,51,50,50,50,60,50,85,85,83,87,79,82,86,78,89,96,83,0,0,0,0,0,0,
2.026E+11,Andrew Perez,Stormers,P,SP5,No,29,Wakefield,Rubber Arm,-,-,1,15,15,15,15,15,15,15,15,15,15,13,11,15,51,50,50,50,60,50,95,95,59,45,74,65,71,60,73,47,99,0,0,0,0,0,0,
2.026E+11,Nicholas Sanchez,Stormers,P,CL,No,29,Rivera,-,-,-,0,15,15,15,15,15,15,15,15,15,15,21,28,15,51,50,50,50,60,50,25,25,82,88,76,86,88,84,83,80,87,0,0,0,0,0,0,
2.026E+11,James Mantle,Stormers,P,SU,No,26,Rivera,Marathon Man,-,-,1,15,15,15,15,15,15,15,15,15,15,14,13,15,51,50,50,50,60,50,27,27,78,77,80,84,85,84,86,73,99,0,0,0,0,0,0,
2.026E+11,Brandon Griffey,Stormers,P,SU,No,28,Chapman,-,-,-,0,15,15,15,15,15,15,15,15,15,15,19,23,15,51,50,50,50,60,50,30,30,89,93,85,49,47,52,71,80,63,0,0,0,0,0,0,
2.026E+11,Matthew Martin,Stormers,P,LR,No,26,Miller,Lights Out,-,-,1,15,15,15,15,15,15,15,15,15,15,19,23,15,51,50,50,50,60,50,41,41,95,97,93,67,63,71,89,87,92,0,0,0,0,0,0,
2.026E+11,Anthony Davis,Stormers,P,LR,No,28,Miller,Putaway Pitcher,Pitch to Contact,-,2,15,15,15,15,15,15,15,15,15,15,13,12,15,51,50,50,50,60,50,49,49,78,80,77,65,60,71,94,89,99,0,0,0,0,0,0,
2.026E+11,Babe Lewis,Stormers,P,MR,No,26,Miller,Marathon Man,Escape Artist,-,2,15,15,15,15,15,15,15,15,15,15,18,21,15,51,50,50,50,60,50,47,47,85,91,80,67,65,69,76,64,89,0,0,0,0,0,0,
2.026E+11,Brian Taylor,Stormers,P,MR,No,27,Miller,Rubber Arm,-,-,1,15,15,15,15,15,15,15,15,15,15,15,15,15,51,50,50,50,60,50,56,56,83,86,81,66,74,58,86,84,88,0,0,0,0,0,0,
2.026E+11,Joseph Gehrig,Stormers,P,MR,No,27,Miller,Escape Artist,-,-,1,15,15,15,15,15,15,15,15,15,15,22,30,15,51,50,50,50,60,50,44,44,77,79,76,62,55,70,84,80,88,0,0,0,0,0,0,
2.026E+11,Cy Perez,Stormers,3B,Minors,No,22,Boggs,Speed Demon,-,-,1,65,64,66,46,45,50,45,62,60,65,45,45,45,54,44,62,61,61,56,74,74,30,30,30,30,30,30,30,30,30,0,0,0,0,0,0,
2.026E+11,Thomas Brown,Stormers,CF,Minors,No,23,Ichiro,Gold Glover,-,-,1,62,69,55,47,45,51,45,51,48,55,66,63,70,63,64,71,57,71,68,90,90,30,30,30,30,30,30,30,30,30,0,0,0,0,0,0,
2.026E+11,Eric Jackson,Stormers,LF,Minors,No,18,Williams,-,-,-,0,69,71,68,64,56,76,62,63,70,57,45,45,45,46,48,47,45,45,45,76,76,30,30,30,30,30,30,30,30,30,0,0,0,0,0,0,
2.026E+11,Jackie Lewis,Stormers,C,Minors,No,26,Bench,-,-,-,0,53,45,61,60,65,58,59,49,48,51,45,45,45,56,45,45,58,77,57,84,84,30,30,30,30,30,30,30,30,30,0,0,0,0,0,0,
2.026E+11,Joseph Gehrig,Stormers,SS,Minors,No,20,Jeter,-,-,-,0,65,62,68,53,56,58,45,58,62,55,47,45,49,49,49,46,45,56,53,84,84,30,30,30,30,30,30,30,30,30,0,0,0,0,0,0,
2.026E+11,Jim Griffey,Stormers,1B,Minors,No,22,Gehrig,Gold Glover,Speed Demon,-,2,64,62,66,64,71,72,50,58,49,67,45,45,45,44,40,48,45,46,52,79,79,30,30,30,30,30,30,30,30,30,0,0,0,0,0,0,
2.026E+11,James Lee,Stormers,2B,Minors,No,26,Kent,Platoon Punisher,-,-,1,52,59,46,54,53,57,52,48,45,51,45,45,45,52,49,48,58,52,50,76,76,30,30,30,30,30,30,30,30,30,0,0,0,0,0,0,
2.026E+11,Ty Harris,Stormers,2B,Minors,Yes,20,Morgan,Table Setter,-,-,1,57,58,57,57,54,63,56,65,64,66,55,57,54,51,56,45,48,45,55,79,79,30,30,30,30,30,30,30,30,30,0,0,0,0,0,0,
2.026E+11,Jim Garcia,Stormers,SS,Minors,No,22,Ripken,-,-,-,0,47,50,45,53,54,48,57,46,47,45,45,45,45,55,49,72,53,74,56,66,66,30,30,30,30,30,30,30,30,30,0,0,0,0,0,0,
2.026E+11,Robert Gwynn,Stormers,1B,Minors,No,18,Gehrig,Clutch,Gold Glover,-,2,64,68,61,61,60,52,71,55,50,61,45,45,45,43,40,45,46,46,45,69,69,30,30,30,30,30,30,30,30,30,0,0,0,0,0,0,
2.026E+11,Tyler Martinez,Stormers,3B,Minors,No,22,Schmidt,Platoon Punisher,Launch Angle God,-,2,49,53,46,68,68,70,68,64,66,62,45,45,45,54,40,73,63,63,57,70,70,30,30,30,30,30,30,30,30,30,0,0,0,0,0,0,
2.026E+11,Eric Gwynn,Stormers,RF,Minors,No,21,Gwynn,Platoon Punisher,-,-,1,66,69,63,45,45,45,45,62,65,59,48,46,50,52,55,49,57,45,46,74,74,30,30,30,30,30,30,30,30,30,0,0,0,0,0,0,
2.026E+11,Brian Aaron,Stormers,C,Minors,No,22,Molina,-,-,-,0,49,54,45,50,60,45,45,46,46,46,45,45,45,60,52,70,65,63,63,77,77,30,30,30,30,30,30,30,30,30,0,0,0,0,0,0,
2.026E+11,Tyler Ramirez,Stormers,P,Minors,No,26,Buehrle,-,-,-,0,15,15,15,15,15,15,15,15,15,15,19,24,15,51,50,50,50,60,50,92,92,52,51,54,60,54,66,56,49,64,0,0,0,0,0,0,
2.026E+11,Anthony Johnson,Stormers,P,Minors,No,22,Ryan,-,-,-,0,15,15,15,15,15,15,15,15,15,15,15,15,15,51,50,50,50,60,50,92,92,62,68,56,48,45,52,58,71,45,0,0,0,0,0,0,
2.026E+11,Ryan Jackson,Stormers,P,Minors,No,23,Wakefield,-,-,-,0,15,15,15,15,15,15,15,15,15,15,19,24,15,51,50,50,50,60,50,95,95,45,45,45,50,53,47,56,45,67,0,0,0,0,0,0,
2.026E+11,Jonathan Thompson,Stormers,P,Minors,No,23,Wakefield,Ice in the Veins,-,-,1,15,15,15,15,15,15,15,15,15,15,18,22,15,51,50,50,50,60,50,95,95,45,45,45,53,45,61,56,45,67,0,0,0,0,0,0,
2.026E+11,William Ruth,Stormers,P,Minors,No,24,Pedro,Escape Artist,-,-,1,15,15,15,15,15,15,15,15,15,15,15,15,15,51,50,50,50,60,50,80,80,67,69,66,51,51,52,66,71,62,0,0,0,0,0,0,
2.026E+11,Joshua Rodriguez,Stormers,P,Minors,No,26,Rivera,-,-,-,0,15,15,15,15,15,15,15,15,15,15,14,13,15,51,50,50,50,60,50,30,30,54,55,53,64,65,64,62,60,64,0,0,0,0,0,0,
2.026E+11,Kevin Rodriguez,Stormers,P,Minors,No,25,Gagne,-,-,-,0,15,15,15,15,15,15,15,15,15,15,19,23,15,51,50,50,50,60,50,29,29,68,71,65,51,52,51,61,65,58,0,0,0,0,0,0,
2.026E+11,Joseph Thompson,Stormers,P,Minors,No,27,Gagne,-,-,-,0,15,15,15,15,15,15,15,15,15,15,20,25,15,51,50,50,50,60,50,25,25,65,68,63,54,50,59,59,53,66,0,0,0,0,0,0,
2.026E+11,William Davis,Stormers,P,Minors,No,21,Fingers,Rubber Arm,-,-,1,15,15,15,15,15,15,15,15,15,15,19,24,15,51,50,50,50,60,50,41,41,48,49,48,58,61,55,63,67,59,0,0,0,0,0,0,
2.026E+11,John Ruth,Stormers,P,Minors,No,23,Fingers,-,-,-,0,15,15,15,15,15,15,15,15,15,15,22,30,15,51,50,50,50,60,50,50,50,55,56,54,62,63,61,57,52,63,0,0,0,0,0,0,
2.026E+11,Thomas Aaron,Stormers,P,Minors,No,25,Miller,Lights Out,-,-,1,15,15,15,15,15,15,15,15,15,15,22,30,15,51,50,50,50,60,50,47,47,64,65,64,50,45,55,62,59,66,0,0,0,0,0,0,
2.026E+11,Jacob Wilson,Stormers,P,Minors,No,24,Hader,Escape Artist,-,-,1,15,15,15,15,15,15,15,15,15,15,12,10,15,51,50,50,50,60,50,43,43,60,62,59,52,46,58,54,53,56,0,0,0,0,0,0,
2.026E+11,Justin Gonzalez,Stormers,P,Minors,No,18,Miller,Ice in the Veins,-,-,1,15,15,15,15,15,15,15,15,15,15,14,13,15,51,50,50,50,60,50,42,42,58,69,47,51,45,57,64,62,66,0,0,0,0,0,0,
2.026E+11,Hank Lopez,Mountaineers,C,8,No,22,Mauer,Table Setter,-,-,1,84,81,87,67,76,68,57,83,86,80,45,45,46,63,40,55,76,75,75,73,73,30,30,30,30,30,30,30,30,30,0,0,0,0,0,0,
2.026E+11,Robert Gonzalez,Mountaineers,1B,7,No,26,Pujols,Gold Glover,-,-,1,80,77,84,81,91,86,67,84,90,79,45,45,45,67,46,77,84,73,70,77,77,30,30,30,30,30,30,30,30,30,0,0,0,0,0,0,
2.026E+11,Jackie Ruth,Mountaineers,SS,4,No,27,Jeter,Platoon Punisher,-,-,1,82,80,84,61,62,73,49,73,78,68,68,67,69,68,68,57,69,71,68,74,74,30,30,30,30,30,30,30,30,30,0,0,0,0,0,0,
2.026E+11,Nolan Gonzalez,Mountaineers,LF,6,No,21,Bonds,-,-,-,0,79,82,76,84,83,84,85,90,99,81,74,72,76,67,64,68,72,64,66,75,75,30,30,30,30,30,30,30,30,30,0,0,0,0,0,0,
2.026E+11,Jacob Thompson,Mountaineers,1B,2,Yes,22,Pujols,Launch Angle God,-,-,1,84,78,90,89,89,98,81,79,82,76,45,45,45,60,41,63,72,74,65,82,82,30,30,30,30,30,30,30,30,30,0,0,0,0,0,0,
2.026E+11,Daniel Rodriguez,Mountaineers,SS,Bench,No,27,Ozzie,Platoon Punisher,-,-,1,76,80,72,45,45,45,45,74,79,70,84,81,87,82,80,88,87,85,75,80,80,30,30,30,30,30,30,30,30,30,0,0,0,0,0,0,
2.026E+11,Jim Gonzalez,Mountaineers,2B,5,No,21,Kent,Platoon Punisher,-,-,1,78,73,84,89,97,84,88,64,61,68,47,45,49,60,40,79,67,71,80,56,56,30,30,30,30,30,30,30,30,30,0,0,0,0,0,0,
2.026E+11,Richard Harris,Mountaineers,3B,3,No,23,Brett,-,-,-,0,82,76,89,75,81,75,71,78,80,77,55,55,55,68,52,67,79,77,70,71,71,30,30,30,30,30,30,30,30,30,0,0,0,0,0,0,
2.026E+11,Eric Ripken,Mountaineers,3B,Bench,No,27,Ichiro,-,-,-,0,85,82,89,49,45,57,45,66,75,58,90,93,87,85,88,77,81,85,88,74,74,30,30,30,30,30,30,30,30,30,0,0,0,0,0,0,
2.026E+11,Mark Aaron,Mountaineers,C,Bench,No,18,Dunn,Speed Demon,-,-,1,58,55,61,87,92,73,98,83,90,77,45,45,45,48,44,46,53,49,47,79,79,30,30,30,30,30,30,30,30,30,0,0,0,0,0,0,
2.026E+11,Jonathan Sanchez,Mountaineers,CF,9,No,24,Lofton,Gold Glover,First Pitch Killer,-,2,75,81,70,52,51,57,49,80,85,76,82,80,84,76,81,94,77,64,77,77,77,30,30,30,30,30,30,30,30,30,0,0,0,0,0,0,
2.026E+11,Brian Gehrig,Mountaineers,RF,1,No,23,Ichiro,First Pitch Killer,-,-,1,88,86,90,48,46,54,45,74,80,69,82,83,82,80,76,89,76,91,86,66,66,30,30,30,30,30,30,30,30,30,0,0,0,0,0,0,
2.026E+11,Matthew Mays,Mountaineers,2B,Bench,No,27,Alomar,Platoon Punisher,-,-,1,85,85,86,65,63,66,66,71,72,71,80,87,73,79,88,89,75,78,75,60,60,30,30,30,30,30,30,30,30,30,0,0,0,0,0,0,
2.026E+11,Mickey Ripken,Mountaineers,P,SP1,No,27,Wakefield,Marathon Man,Ice in the Veins,-,2,15,15,15,15,15,15,15,15,15,15,14,13,15,51,50,50,50,60,50,95,95,54,45,63,67,66,69,67,48,86,0,0,0,0,0,0,
2.026E+11,Zachary Ripken,Mountaineers,P,SP2,No,29,Lincecum,-,-,-,0,15,15,15,15,15,15,15,15,15,15,16,17,15,51,50,50,50,60,50,78,78,84,89,80,64,61,67,80,79,82,0,0,0,0,0,0,
2.026E+11,Willie Johnson,Mountaineers,P,SP3,No,22,Buehrle,Lights Out,-,-,1,15,15,15,15,15,15,15,15,15,15,14,13,15,51,50,50,50,60,50,92,92,56,46,66,83,79,88,86,81,91,0,0,0,0,0,0,
2.026E+11,Robert Taylor,Mountaineers,P,SP4,No,29,R.Johnson,Pitch to Contact,-,-,1,15,15,15,15,15,15,15,15,15,15,21,28,15,51,50,50,50,60,50,85,85,87,92,82,66,64,69,87,81,94,0,0,0,0,0,0,
2.026E+11,Brian Gwynn,Mountaineers,P,SP5,No,24,Gibson,Marathon Man,-,-,1,15,15,15,15,15,15,15,15,15,15,22,30,15,51,50,50,50,60,50,95,95,74,84,64,74,77,72,75,76,74,0,0,0,0,0,0,
2.026E+11,Joseph Griffey,Mountaineers,P,CL,No,25,Chapman,Groundball Guru,-,-,1,15,15,15,15,15,15,15,15,15,15,22,29,15,51,50,50,50,60,50,25,25,85,91,80,53,45,61,73,78,69,0,0,0,0,0,0,
2.026E+11,Lou Ryan,Mountaineers,P,SU,No,25,Gagne,-,-,-,0,15,15,15,15,15,15,15,15,15,15,14,13,15,51,50,50,50,60,50,18,18,82,80,84,74,75,74,84,80,88,0,0,0,0,0,0,
2.026E+11,William Garcia,Mountaineers,P,SU,No,26,Rivera,-,-,-,0,15,15,15,15,15,15,15,15,15,15,19,23,15,51,50,50,50,60,50,30,30,83,91,75,88,94,83,84,73,95,0,0,0,0,0,0,
2.026E+11,Matthew Brown,Mountaineers,P,LR,No,29,Hader,Lights Out,-,-,1,15,15,15,15,15,15,15,15,15,15,15,15,15,51,50,50,50,60,50,51,51,86,90,83,65,66,65,74,83,66,0,0,0,0,0,0,
2.026E+11,Stan Sanchez,Mountaineers,P,LR,No,25,Fingers,Groundball Guru,-,-,1,15,15,15,15,15,15,15,15,15,15,15,15,15,51,50,50,50,60,50,58,58,74,73,76,79,88,71,80,76,84,0,0,0,0,0,0,
2.026E+11,Anthony Jackson,Mountaineers,P,MR,No,31,Hader,Putaway Pitcher,-,-,1,15,15,15,15,15,15,15,15,15,15,20,26,15,51,50,50,50,60,50,54,54,84,80,89,65,65,66,79,80,78,0,0,0,0,0,0,
2.026E+11,Michael Ramirez,Mountaineers,P,MR,No,31,Hader,-,-,-,0,15,15,15,15,15,15,15,15,15,15,14,14,15,51,50,50,50,60,50,51,51,80,80,80,62,52,73,79,76,83,0,0,0,0,0,0,
2.026E+11,Brandon Smith,Mountaineers,P,MR,No,23,Fingers,Rubber Arm,-,-,1,15,15,15,15,15,15,15,15,15,15,16,17,15,51,50,50,50,60,50,49,49,70,64,76,78,77,80,79,86,72,0,0,0,0,0,0,
2.026E+11,Tyler Gehrig,Mountaineers,CF,Minors,No,19,Griffey,-,-,-,0,55,63,48,58,61,55,60,57,51,64,57,55,59,53,55,66,49,58,56,58,58,30,30,30,30,30,30,30,30,30,0,0,0,0,0,0,
2.026E+11,Ty Mays,Mountaineers,1B,Minors,No,26,Gehrig,-,-,-,0,63,53,73,60,63,56,62,64,60,69,45,45,45,48,45,45,47,57,52,79,79,30,30,30,30,30,30,30,30,30,0,0,0,0,0,0,
2.026E+11,Zachary Martinez,Mountaineers,2B,Minors,No,20,Morgan,-,-,-,0,50,46,55,52,59,53,45,57,53,61,60,64,57,58,64,45,58,56,53,83,83,30,30,30,30,30,30,30,30,30,0,0,0,0,0,0,
2.026E+11,Jim Hernandez,Mountaineers,LF,Minors,No,21,Rickey,Launch Angle God,-,-,1,53,52,55,45,45,45,45,63,62,64,67,69,66,60,76,59,55,45,54,79,79,30,30,30,30,30,30,30,30,30,0,0,0,0,0,0,
2.026E+11,Ryan Sanchez,Mountaineers,SS,Minors,No,28,Dunn,-,-,-,0,47,45,49,64,70,55,67,59,62,57,45,45,45,43,41,45,45,45,45,75,75,30,30,30,30,30,30,30,30,30,0,0,0,0,0,0,
2.026E+11,Thomas Jackson,Mountaineers,1B,Minors,Yes,25,Dunn,-,-,-,0,45,45,45,59,62,46,70,61,66,57,45,45,45,45,45,45,45,45,45,67,67,30,30,30,30,30,30,30,30,30,0,0,0,0,0,0,
2.026E+11,Steven Ruth,Mountaineers,LF,Minors,No,24,Zobrist,-,-,-,0,50,49,51,52,50,53,54,53,62,45,53,55,52,53,50,45,55,59,50,72,72,30,30,30,30,30,30,30,30,30,0,0,0,0,0,0,
2.026E+11,Justin Johnson,Mountaineers,2B,Minors,No,21,Alomar,-,-,-,0,65,67,63,47,45,53,45,50,53,48,56,52,60,51,42,67,62,55,47,67,67,30,30,30,30,30,30,30,30,30,0,0,0,0,0,0,
2.026E+11,Jacob Williams,Mountaineers,C,Minors,No,22,Bench,-,-,-,0,55,65,45,56,57,45,66,52,48,56,45,45,45,52,40,45,56,61,64,84,84,30,30,30,30,30,30,30,30,30,0,0,0,0,0,0,
2.026E+11,Justin Brown,Mountaineers,RF,Minors,No,23,Clemente,-,-,-,0,59,66,52,50,53,51,46,51,54,49,46,45,48,57,46,64,58,75,64,62,62,30,30,30,30,30,30,30,30,30,0,0,0,0,0,0,
2.026E+11,Lou Thompson,Mountaineers,3B,Minors,No,24,Schmidt,Gold Glover,-,-,1,60,65,55,67,69,62,70,49,45,54,45,45,45,52,42,75,55,61,58,71,71,30,30,30,30,30,30,30,30,30,0,0,0,0,0,0,
2.026E+11,Steven Martin,Mountaineers,RF,Minors,No,19,Gwynn,Platoon Punisher,-,-,1,68,74,63,45,45,45,45,60,64,56,47,47,48,50,44,45,62,47,45,74,74,30,30,30,30,30,30,30,30,30,0,0,0,0,0,0,
2.026E+11,Michael Miller,Mountaineers,SS,Minors,No,23,Dunn,-,-,-,0,47,45,49,65,75,51,69,60,67,53,45,45,45,45,45,45,45,45,45,73,73,30,30,30,30,30,30,30,30,30,0,0,0,0,0,0,
2.026E+11,Babe Garcia,Mountaineers,P,Minors,No,24,Buehrle,Rubber Arm,-,-,1,15,15,15,15,15,15,15,15,15,15,16,18,15,51,50,50,50,60,50,92,92,46,45,48,60,59,61,57,49,65,0,0,0,0,0,0,
2.026E+11,Thomas Rodriguez,Mountaineers,P,Minors,No,23,Pedro,Ice in the Veins,-,-,1,15,15,15,15,15,15,15,15,15,15,17,20,15,51,50,50,50,60,50,80,80,61,68,55,55,60,51,71,77,66,0,0,0,0,0,0,
2.026E+11,William Jackson,Mountaineers,P,Minors,No,22,Wakefield,-,-,-,0,15,15,15,15,15,15,15,15,15,15,19,23,15,51,50,50,50,60,50,95,95,45,45,45,54,51,58,56,45,67,0,0,0,0,0,0,
2.026E+11,Richard Ramirez,Mountaineers,P,Minors,No,25,Gibson,-,-,-,0,15,15,15,15,15,15,15,15,15,15,18,21,15,51,50,50,50,60,50,95,95,56,65,48,55,63,47,58,60,57,0,0,0,0,0,0,
2.026E+11,Matthew Walker,Mountaineers,P,Minors,No,26,Maddux,Escape Artist,-,-,1,15,15,15,15,15,15,15,15,15,15,22,29,15,51,50,50,50,60,50,88,88,49,45,54,66,69,63,60,50,70,0,0,0,0,0,0,
2.026E+11,Babe Ryan,Mountaineers,P,Minors,No,18,Rivera,-,-,-,0,15,15,15,15,15,15,15,15,15,15,22,29,15,51,50,50,50,60,50,26,26,50,49,51,69,75,64,74,70,79,0,0,0,0,0,0,
2.026E+11,Joseph Thompson,Mountaineers,P,Minors,No,22,Gagne,-,-,-,0,15,15,15,15,15,15,15,15,15,15,21,28,15,51,50,50,50,60,50,25,25,68,68,68,51,55,47,51,48,54,0,0,0,0,0,0,
2.026E+11,Stan Lopez,Mountaineers,P,Minors,No,23,Gagne,Lights Out,-,-,1,15,15,15,15,15,15,15,15,15,15,14,14,15,51,50,50,50,60,50,17,17,62,75,50,52,54,51,63,64,62,0,0,0,0,0,0,
2.026E+11,James Lopez,Mountaineers,P,Minors,No,18,Miller,-,-,-,0,15,15,15,15,15,15,15,15,15,15,12,10,15,51,50,50,50,60,50,56,56,69,72,66,49,48,51,66,60,73,0,0,0,0,0,0,
2.026E+11,Eric Lopez,Mountaineers,P,Minors,No,24,Hader,-,-,-,0,15,15,15,15,15,15,15,15,15,15,21,28,15,51,50,50,50,60,50,59,59,65,74,56,48,45,52,60,68,52,0,0,0,0,0,0,
2.026E+11,Nicholas Griffey,Mountaineers,P,Minors,No,21,Fingers,Ice in the Veins,-,-,1,15,15,15,15,15,15,15,15,15,15,19,24,15,51,50,50,50,60,50,49,49,61,57,65,59,56,62,55,53,57,0,0,0,0,0,0,
2.026E+11,Ty Miller,Mountaineers,P,Minors,No,23,Miller,Rubber Arm,-,-,1,15,15,15,15,15,15,15,15,15,15,14,14,15,51,50,50,50,60,50,48,48,62,65,59,45,45,45,59,55,63,0,0,0,0,0,0,
2.026E+11,Tyler Harris,Mountaineers,P,Minors,No,21,Hader,Marathon Man,Putaway Pitcher,-,2,15,15,15,15,15,15,15,15,15,15,15,16,15,51,50,50,50,60,50,57,57,78,74,82,45,45,45,52,56,48,0,0,0,0,0,0,
2.026E+11,Daniel Griffey,Aces,C,9,No,25,Zobrist,Platoon Punisher,First Pitch Killer,-,2,76,79,73,72,74,74,68,79,74,84,70,59,82,69,55,64,76,84,71,73,73,30,30,30,30,30,30,30,30,30,0,0,0,0,0,0,
2.026E+11,Eric Walker,Aces,1B,1,No,30,Pujols,-,-,-,0,80,86,74,91,99,93,82,82,81,84,45,45,45,66,42,64,82,73,78,73,73,30,30,30,30,30,30,30,30,30,0,0,0,0,0,0,
2.026E+11,Willie White,Aces,SS,6,No,27,Ripken,Speed Demon,-,-,1,81,82,80,74,75,75,74,70,76,64,46,46,47,72,49,83,79,88,91,78,78,30,30,30,30,30,30,30,30,30,0,0,0,0,0,0,
2.026E+11,Justin Jackson,Aces,SS,5,Yes,22,Ichiro,Gold Glover,Speed Demon,Unfazed,3,89,84,95,45,45,46,45,68,79,58,84,83,85,83,80,87,85,81,87,65,65,30,30,30,30,30,30,30,30,30,0,0,0,0,0,0,
2.026E+11,Jonathan Thompson,Aces,1B,Bench,No,27,Keith,Gold Glover,-,-,1,75,71,79,58,54,64,56,74,73,76,45,45,45,67,47,73,87,66,72,79,79,30,30,30,30,30,30,30,30,30,0,0,0,0,0,0,
2.026E+11,Daniel Williams,Aces,CF,7,No,21,Mays,-,-,-,0,80,78,82,85,88,88,81,68,74,63,80,79,82,78,61,88,92,78,85,59,59,30,30,30,30,30,30,30,30,30,0,0,0,0,0,0,
2.026E+11,Brandon Johnson,Aces,RF,3,No,18,Ruth,-,-,-,0,73,71,76,84,92,75,85,81,85,78,45,45,45,53,40,57,52,71,63,83,83,30,30,30,30,30,30,30,30,30,0,0,0,0,0,0,
2.026E+11,William Aaron,Aces,CF,Bench,No,23,Mays,-,-,-,0,78,77,80,83,96,83,70,78,81,75,82,75,89,80,73,94,84,81,86,76,76,30,30,30,30,30,30,30,30,30,0,0,0,0,0,0,
2.026E+11,Zachary Smith,Aces,LF,2,No,27,Rickey,-,-,-,0,73,75,71,58,60,69,45,89,96,83,95,96,94,76,94,52,69,72,63,74,74,30,30,30,30,30,30,30,30,30,0,0,0,0,0,0,
2.026E+11,Stan Martinez,Aces,3B,4,No,24,Ichiro,-,-,-,0,90,87,93,45,45,47,45,77,79,75,87,94,81,89,99,88,83,91,83,79,79,30,30,30,30,30,30,30,30,30,0,0,0,0,0,0,
2.026E+11,Willie Hernandez,Aces,LF,Bench,No,23,Ichiro,-,-,-,0,91,90,93,45,45,45,45,72,78,67,85,86,84,84,82,90,81,92,90,81,81,30,30,30,30,30,30,30,30,30,0,0,0,0,0,0,
2.026E+11,Steven Mays,Aces,2B,8,No,28,Morgan,-,-,-,0,81,82,81,74,74,78,70,79,81,77,77,72,82,70,77,57,66,68,66,62,62,30,30,30,30,30,30,30,30,30,0,0,0,0,0,0,
2.026E+11,Joshua Rodriguez,Aces,C,Bench,No,21,Bench,-,-,-,0,68,70,67,82,74,81,91,68,74,62,45,45,45,72,40,54,86,85,97,63,63,30,30,30,30,30,30,30,30,30,0,0,0,0,0,0,
2.026E+11,Tyler Williams,Aces,P,SP1,No,22,R.Johnson,Ice in the Veins,-,-,1,15,15,15,15,15,15,15,15,15,15,20,26,15,51,50,50,50,60,50,85,85,88,92,84,68,68,68,78,81,76,0,0,0,0,0,0,
2.026E+11,Ty Jones,Aces,P,SP2,No,27,Wakefield,-,-,-,0,15,15,15,15,15,15,15,15,15,15,19,24,15,51,50,50,50,60,50,95,95,45,45,45,62,64,61,68,45,91,0,0,0,0,0,0,
2.026E+11,Thomas Johnson,Aces,P,SP3,No,24,Ryan,Escape Artist,-,-,1,15,15,15,15,15,15,15,15,15,15,22,30,15,51,50,50,50,60,50,92,92,82,88,76,67,56,78,73,74,73,0,0,0,0,0,0,
2.026E+11,Eric Walker,Aces,P,SP4,No,24,R.Johnson,-,-,-,0,15,15,15,15,15,15,15,15,15,15,17,20,15,51,50,50,50,60,50,85,85,86,88,85,63,58,69,78,80,76,0,0,0,0,0,0,
2.026E+11,Willie Gehrig,Aces,P,SP5,No,24,Ryan,-,-,-,0,15,15,15,15,15,15,15,15,15,15,18,22,15,51,50,50,50,60,50,92,92,91,88,94,61,52,71,80,83,77,0,0,0,0,0,0,
2.026E+11,Kyle Wilson,Aces,P,CL,No,28,Chapman,Pitch to Contact,-,-,1,15,15,15,15,15,15,15,15,15,15,19,24,15,51,50,50,50,60,50,17,17,89,95,84,67,60,75,66,69,63,0,0,0,0,0,0,
2.026E+11,Joshua Mays,Aces,P,SU,No,29,Chapman,Putaway Pitcher,Pitch to Contact,-,2,15,15,15,15,15,15,15,15,15,15,14,14,15,51,50,50,50,60,50,22,22,89,86,92,59,52,67,67,76,59,0,0,0,0,0,0,
2.026E+11,Kevin Ruth,Aces,P,SU,No,32,Rivera,-,-,-,0,15,15,15,15,15,15,15,15,15,15,17,19,15,51,50,50,50,60,50,21,21,79,86,73,88,86,90,83,84,83,0,0,0,0,0,0,
2.026E+11,James Hernandez,Aces,P,LR,No,30,Fingers,-,-,-,0,15,15,15,15,15,15,15,15,15,15,17,19,15,51,50,50,50,60,50,50,50,66,68,65,73,75,72,78,71,86,0,0,0,0,0,0,
2.026E+11,James Ruth,Aces,P,LR,No,23,Miller,Rubber Arm,-,-,1,15,15,15,15,15,15,15,15,15,15,15,15,15,51,50,50,50,60,50,53,53,80,90,71,66,60,73,86,76,97,0,0,0,0,0,0,
2.026E+11,Tyler Ramirez,Aces,P,MR,No,27,Fingers,Marathon Man,-,-,1,15,15,15,15,15,15,15,15,15,15,18,22,15,51,50,50,50,60,50,55,55,74,78,71,79,86,73,76,79,73,0,0,0,0,0,0,
2.026E+11,Kevin Taylor,Aces,P,MR,No,22,Fingers,-,-,-,0,15,15,15,15,15,15,15,15,15,15,20,26,15,51,50,50,50,60,50,45,45,73,80,66,80,75,85,84,89,80,0,0,0,0,0,0,
2.026E+11,Nicholas Anderson,Aces,P,MR,No,34,Fingers,Marathon Man,-,-,1,15,15,15,15,15,15,15,15,15,15,17,19,15,51,50,50,50,60,50,53,53,72,70,74,72,74,70,77,76,79,0,0,0,0,0,0,
2.026E+11,Joseph Gehrig,Aces,CF,Minors,No,19,Ichiro,-,-,-,0,64,64,64,45,45,45,45,51,49,54,65,65,66,62,73,50,59,60,52,78,78,30,30,30,30,30,30,30,30,30,0,0,0,0,0,0,
2.026E+11,Robert Aaron,Aces,RF,Minors,No,22,Ruth,-,-,-,0,56,54,58,67,70,63,70,68,73,64,45,45,45,47,49,45,45,53,45,72,72,30,30,30,30,30,30,30,30,30,0,0,0,0,0,0,
2.026E+11,John Walker,Aces,3B,Minors,No,22,Dunn,Gold Glover,-,-,1,45,45,45,65,68,60,69,59,62,56,45,45,45,45,47,45,45,45,45,72,72,30,30,30,30,30,30,30,30,30,0,0,0,0,0,0,
2.026E+11,Willie Garcia,Aces,2B,Minors,No,19,Dunn,Gold Glover,-,-,1,45,45,45,62,58,54,74,59,60,59,45,45,45,46,50,45,45,46,45,74,74,30,30,30,30,30,30,30,30,30,0,0,0,0,0,0,
2.026E+11,Mark Moore,Aces,3B,Minors,Yes,24,Schmidt,-,-,-,0,55,52,59,61,70,56,59,60,70,51,45,45,46,59,42,66,73,64,60,69,69,30,30,30,30,30,30,30,30,30,0,0,0,0,0,0,
2.026E+11,Joseph Martinez,Aces,C,Minors,No,19,Dunn,-,-,-,0,48,45,51,66,74,56,70,62,66,59,45,45,45,44,42,45,45,45,49,76,76,30,30,30,30,30,30,30,30,30,0,0,0,0,0,0,
2.026E+11,Nolan Gonzalez,Aces,RF,Minors,No,18,Clemente,Gold Glover,-,-,1,67,63,72,48,50,50,45,49,53,45,45,45,45,58,47,67,58,68,72,78,78,30,30,30,30,30,30,30,30,30,0,0,0,0,0,0,
2.026E+11,Nolan Wilson,Aces,SS,Minors,No,22,Zobrist,-,-,-,0,52,49,56,53,58,53,50,51,53,50,53,50,57,54,52,54,56,63,45,75,75,30,30,30,30,30,30,30,30,30,0,0,0,0,0,0,
2.026E+11,Eric Ripken,Aces,SS,Minors,No,22,Ripken,Launch Angle God,-,-,1,63,65,61,59,59,54,64,48,51,46,45,45,45,55,45,76,58,64,60,73,73,30,30,30,30,30,30,30,30,30,0,0,0,0,0,0,
2.026E+11,Nolan Johnson,Aces,LF,Minors,No,24,Williams,-,-,-,0,67,67,68,56,52,61,57,76,80,72,45,45,45,49,57,45,45,48,45,75,75,30,30,30,30,30,30,30,30,30,0,0,0,0,0,0,
2.026E+11,Steven Ruth,Aces,C,Minors,No,22,Molina,Speed Demon,-,-,1,52,56,49,45,45,45,45,54,54,54,45,45,45,54,40,69,63,53,68,80,80,30,30,30,30,30,30,30,30,30,0,0,0,0,0,0,
2.026E+11,Ty Lee,Aces,2B,Minors,No,28,Alomar,-,-,-,0,54,53,56,52,58,53,47,57,46,69,54,48,60,56,54,67,65,51,51,71,71,30,30,30,30,30,30,30,30,30,0,0,0,0,0,0,
2.026E+11,David Jones,Aces,1B,Minors,No,22,Keith,Gold Glover,-,-,1,62,58,67,49,47,57,45,56,63,50,45,45,45,55,43,56,69,55,51,82,82,30,30,30,30,30,30,30,30,30,0,0,0,0,0,0,
2.026E+11,Eric Ryan,Aces,P,Minors,No,24,Wakefield,-,-,-,0,15,15,15,15,15,15,15,15,15,15,18,21,15,51,50,50,50,60,50,95,95,47,45,49,48,47,49,57,45,70,0,0,0,0,0,0,
2.026E+11,Nolan Garcia,Aces,P,Minors,No,18,Wakefield,Rubber Arm,-,-,1,15,15,15,15,15,15,15,15,15,15,17,20,15,51,50,50,50,60,50,95,95,45,45,45,50,54,47,54,45,63,0,0,0,0,0,0,
2.026E+11,Cy Mantle,Aces,P,Minors,No,26,Gibson,-,-,-,0,15,15,15,15,15,15,15,15,15,15,19,24,15,51,50,50,50,60,50,95,95,59,58,61,58,56,61,61,60,63,0,0,0,0,0,0,
2.026E+11,Zachary Johnson,Aces,P,Minors,No,24,Lincecum,Escape Artist,-,-,1,15,15,15,15,15,15,15,15,15,15,16,18,15,51,50,50,50,60,50,78,78,64,71,57,47,45,49,60,65,56,0,0,0,0,0,0,
2.026E+11,William Moore,Aces,P,Minors,No,18,Wakefield,-,-,-,0,15,15,15,15,15,15,15,15,15,15,18,21,15,51,50,50,50,60,50,95,95,49,45,53,55,57,54,59,45,74,0,0,0,0,0,0,
2.026E+11,Justin Gwynn,Aces,P,Minors,No,21,Rivera,Ice in the Veins,-,-,1,15,15,15,15,15,15,15,15,15,15,16,18,15,51,50,50,50,60,50,17,17,65,67,63,63,74,53,65,55,75,0,0,0,0,0,0,
2.026E+11,Tyler Anderson,Aces,P,Minors,No,22,Gagne,Lights Out,-,-,1,15,15,15,15,15,15,15,15,15,15,20,25,15,51,50,50,50,60,50,19,19,64,61,68,55,59,52,62,59,65,0,0,0,0,0,0,
2.026E+11,Tyler White,Aces,P,Minors,No,19,Chapman,Ice in the Veins,-,-,1,15,15,15,15,15,15,15,15,15,15,18,21,15,51,50,50,50,60,50,19,19,64,63,65,45,45,45,54,59,49,0,0,0,0,0,0,
2.026E+11,Jim Wilson,Aces,P,Minors,No,24,Miller,-,-,-,0,15,15,15,15,15,15,15,15,15,15,15,15,15,51,50,50,50,60,50,53,53,55,55,56,58,63,53,57,54,60,0,0,0,0,0,0,
2.026E+11,Babe Sanchez,Aces,P,Minors,No,24,Hader,-,-,-,0,15,15,15,15,15,15,15,15,15,15,14,14,15,51,50,50,50,60,50,46,46,69,67,72,48,45,51,62,75,49,0,0,0,0,0,0,
2.026E+11,Matthew Garcia,Aces,P,Minors,No,20,Miller,-,-,-,0,15,15,15,15,15,15,15,15,15,15,19,24,15,51,50,50,50,60,50,46,46,61,66,57,58,58,58,65,59,71,0,0,0,0,0,0,
2.026E+11,Thomas Ramirez,Aces,P,Minors,No,21,Miller,Pitch to Contact,-,-,1,15,15,15,15,15,15,15,15,15,15,16,17,15,51,50,50,50,60,50,55,55,70,71,69,45,45,45,65,62,68,0,0,0,0,0,0,
2.026E+11,Zachary Ruth,Aces,P,Minors,No,23,Fingers,Putaway Pitcher,-,-,1,15,15,15,15,15,15,15,15,15,15,12,10,15,51,50,50,50,60,50,55,55,49,49,49,50,46,54,66,68,65,0,0,0,0,0,0,
2.026E+11,Nolan Mays,Team6,LF,6,No,24,Zobrist,Speed Demon,-,-,1,77,77,77,79,78,85,76,76,82,70,66,68,64,73,74,72,79,69,68,71,71,30,30,30,30,30,30,30,30,30,0,0,0,0,0,0,
2.026E+11,James White,Team6,1B,1,No,33,Zobrist,-,-,-,0,74,74,75,68,69,77,58,75,72,78,69,71,67,72,67,64,80,67,75,62,62,30,30,30,30,30,30,30,30,30,0,0,0,0,0,0,
2.026E+11,Joshua Johnson,Team6,1B,3,Yes,30,Ichiro,First Pitch Killer,-,-,1,87,81,94,48,52,47,45,76,81,72,86,82,90,81,79,78,78,87,87,76,76,30,30,30,30,30,30,30,30,30,0,0,0,0,0,0,
2.026E+11,Nicholas Jones,Team6,C,7,No,22,Dunn,Unfazed,-,-,1,52,45,59,79,88,72,79,88,91,85,45,45,45,45,40,45,45,50,53,79,79,30,30,30,30,30,30,30,30,30,0,0,0,0,0,0,
2.026E+11,Willie Miller,Team6,C,Bench,No,21,Bench,Speed Demon,-,-,1,67,62,72,77,82,75,75,73,71,75,45,45,45,66,43,53,75,81,81,75,75,30,30,30,30,30,30,30,30,30,0,0,0,0,0,0,
2.026E+11,Stan Harris,Team6,2B,4,No,23,Kent,Speed Demon,-,-,1,67,69,65,84,82,82,89,68,76,61,47,49,45,61,50,80,57,76,78,74,74,30,30,30,30,30,30,30,30,30,0,0,0,0,0,0,
2.026E+11,John Ruth,Team6,RF,8,No,21,Gwynn,-,-,-,0,92,94,90,50,45,59,46,87,87,88,66,67,66,62,66,63,66,63,46,80,80,30,30,30,30,30,30,30,30,30,0,0,0,0,0,0,
2.026E+11,John Lopez,Team6,RF,Bench,No,28,Dunn,Launch Angle God,-,-,1,55,45,66,91,96,85,94,79,80,79,45,45,45,50,44,51,53,59,47,67,67,30,30,30,30,30,30,30,30,30,0,0,0,0,0,0,
2.026E+11,Ty Johnson,Team6,CF,9,No,32,Mays,-,-,-,0,82,76,89,78,75,77,82,74,77,71,79,81,78,89,83,94,99,87,83,72,72,30,30,30,30,30,30,30,30,30,0,0,0,0,0,0,
2.026E+11,Jacob Harris,Team6,CF,Bench,No,22,Lofton,-,-,-,0,79,84,75,52,52,61,45,78,79,77,84,92,76,79,97,86,86,60,50,71,71,30,30,30,30,30,30,30,30,30,0,0,0,0,0,0,
2.026E+11,Tyler Bonds,Team6,LF,Bench,No,27,Zobrist,-,-,-,0,69,67,72,71,72,78,65,73,76,71,64,63,66,70,63,67,80,68,71,80,80,30,30,30,30,30,30,30,30,30,0,0,0,0,0,0,
2.026E+11,William Miller,Team6,3B,2,No,26,Dunn,-,-,-,0,56,45,67,90,99,79,92,78,82,74,45,45,45,45,40,45,45,52,53,65,65,30,30,30,30,30,30,30,30,30,0,0,0,0,0,0,
2.026E+11,Kevin Harris,Team6,SS,5,No,23,Jeter,Platoon Punisher,-,-,1,82,72,93,63,60,70,61,77,85,70,74,73,76,75,79,54,71,77,76,74,74,30,30,30,30,30,30,30,30,30,0,0,0,0,0,0,
2.026E+11,Justin Thompson,Team6,P,SP1,No,24,Koufax,-,-,-,0,15,15,15,15,15,15,15,15,15,15,12,10,15,51,50,50,50,60,50,85,85,90,95,86,77,72,82,86,99,74,0,0,0,0,0,0,
2.026E+11,Babe Johnson,Team6,P,SP2,No,27,Lincecum,-,-,-,0,15,15,15,15,15,15,15,15,15,15,13,12,15,51,50,50,50,60,50,78,78,86,84,88,65,71,60,90,89,92,0,0,0,0,0,0,
2.026E+11,Joshua Sanchez,Team6,P,SP3,No,32,Koufax,-,-,-,0,15,15,15,15,15,15,15,15,15,15,14,14,15,51,50,50,50,60,50,85,85,81,98,65,75,70,80,84,88,81,0,0,0,0,0,0,
2.026E+11,Lou Jackson,Team6,P,SP4,No,31,R.Johnson,Putaway Pitcher,-,-,1,15,15,15,15,15,15,15,15,15,15,18,22,15,51,50,50,50,60,50,85,85,85,90,80,69,66,72,75,72,79,0,0,0,0,0,0,
2.026E+11,Steven Ramirez,Team6,P,SP5,No,25,Gibson,Putaway Pitcher,Groundball Guru,-,2,15,15,15,15,15,15,15,15,15,15,16,18,15,51,50,50,50,60,50,95,95,85,87,83,77,72,83,76,81,72,0,0,0,0,0,0,
2.026E+11,Brandon Lewis,Team6,P,CL,No,23,Gagne,Escape Artist,Pitch to Contact,-,2,15,15,15,15,15,15,15,15,15,15,16,17,15,51,50,50,50,60,50,23,23,82,90,74,69,70,69,81,82,81,0,0,0,0,0,0,
2.026E+11,Jonathan Lopez,Team6,P,SU,No,34,Gagne,Pitch to Contact,-,-,1,15,15,15,15,15,15,15,15,15,15,13,12,15,51,50,50,50,60,50,29,29,88,86,90,75,79,71,83,82,84,0,0,0,0,0,0,
2.026E+11,Justin Bonds,Team6,P,SU,No,19,Gagne,-,-,-,0,15,15,15,15,15,15,15,15,15,15,12,10,15,51,50,50,50,60,50,22,22,86,91,81,71,74,69,79,74,85,0,0,0,0,0,0,
2.026E+11,Daniel Smith,Team6,P,LR,No,27,Fingers,Rubber Arm,-,-,1,15,15,15,15,15,15,15,15,15,15,15,15,15,51,50,50,50,60,50,44,44,75,72,79,82,83,81,72,67,77,0,0,0,0,0,0,
2.026E+11,Brian Mantle,Team6,P,LR,No,21,Miller,Ice in the Veins,-,-,1,15,15,15,15,15,15,15,15,15,15,17,19,15,51,50,50,50,60,50,57,57,80,87,73,68,71,66,81,78,85,0,0,0,0,0,0,
2.026E+11,Joshua Martin,Team6,P,MR,No,35,Miller,Putaway Pitcher,-,-,1,15,15,15,15,15,15,15,15,15,15,18,21,15,51,50,50,50,60,50,56,56,78,84,73,72,62,83,83,82,84,0,0,0,0,0,0,
2.026E+11,Daniel Walker,Team6,P,MR,No,30,Fingers,-,-,-,0,15,15,15,15,15,15,15,15,15,15,21,27,15,51,50,50,50,60,50,53,53,77,77,77,77,75,80,82,87,78,0,0,0,0,0,0,
2.026E+11,Steven Thompson,Team6,P,MR,No,24,Fingers,-,-,-,0,15,15,15,15,15,15,15,15,15,15,19,23,15,51,50,50,50,60,50,45,45,69,64,75,78,73,84,71,67,75,0,0,0,0,0,0,
2.026E+11,Christopher Ryan,Team6,3B,Minors,No,23,Zobrist,Gold Glover,-,-,1,55,59,52,54,53,49,61,63,63,64,55,48,63,57,51,60,68,57,47,73,73,30,30,30,30,30,30,30,30,30,0,0,0,0,0,0,
2.026E+11,John Rodriguez,Team6,SS,Minors,No,23,Dunn,Speed Demon,-,-,1,46,45,47,62,71,52,63,58,56,60,45,45,45,44,43,45,45,45,45,70,70,30,30,30,30,30,30,30,30,30,0,0,0,0,0,0,
2.026E+11,Brian Brown,Team6,1B,Minors,No,19,Gehrig,-,-,-,0,58,59,57,66,71,59,69,57,65,49,45,45,45,47,48,45,50,45,45,79,79,30,30,30,30,30,30,30,30,30,0,0,0,0,0,0,
2.026E+11,Brandon Martinez,Team6,LF,Minors,No,19,Rickey,Unfazed,Gold Glover,-,2,57,65,49,48,47,53,45,71,74,68,72,75,70,56,73,45,45,45,56,68,68,30,30,30,30,30,30,30,30,30,0,0,0,0,0,0,
2.026E+11,Anthony Gonzalez,Team6,2B,Minors,No,23,Ichiro,-,-,-,0,66,70,63,45,45,45,45,57,64,51,63,64,63,69,68,49,69,81,59,75,75,30,30,30,30,30,30,30,30,30,0,0,0,0,0,0,
2.026E+11,Babe Mays,Team6,3B,Minors,Yes,21,Brett,First Pitch Killer,-,-,1,71,67,76,57,63,58,50,55,54,56,46,48,45,53,60,59,51,55,45,77,77,30,30,30,30,30,30,30,30,30,0,0,0,0,0,0,
2.026E+11,Jacob Ripken,Team6,LF,Minors,No,21,Rickey,Speed Demon,-,-,1,52,59,46,51,48,54,51,66,65,67,75,76,75,64,79,45,64,57,45,69,69,30,30,30,30,30,30,30,30,30,0,0,0,0,0,0,
2.026E+11,Matthew Ryan,Team6,CF,Minors,No,25,Griffey,Clutch,-,-,1,48,45,52,67,76,61,64,51,51,52,55,53,57,60,58,65,67,60,51,72,72,30,30,30,30,30,30,30,30,30,0,0,0,0,0,0,
2.026E+11,James Lewis,Team6,C,Minors,No,22,Molina,-,-,-,0,47,45,49,45,45,45,45,49,47,52,45,45,45,58,44,68,71,59,61,58,58,30,30,30,30,30,30,30,30,30,0,0,0,0,0,0,
2.026E+11,Stan Mantle,Team6,RF,Minors,No,24,Gwynn,Speed Demon,First Pitch Killer,-,2,62,58,67,45,45,45,45,61,67,55,51,49,53,48,48,45,49,52,45,77,77,30,30,30,30,30,30,30,30,30,0,0,0,0,0,0,
2.026E+11,Mickey Rodriguez,Team6,1B,Minors,No,18,Keith,Platoon Punisher,-,-,1,60,63,57,45,47,45,45,53,61,45,45,45,45,53,44,49,64,55,52,69,69,30,30,30,30,30,30,30,30,30,0,0,0,0,0,0,
2.026E+11,Joseph Sanchez,Team6,RF,Minors,No,18,Clemente,Unfazed,-,-,1,64,55,73,52,49,53,54,46,47,45,47,46,49,59,42,66,66,74,64,84,84,30,30,30,30,30,30,30,30,30,0,0,0,0,0,0,
2.026E+11,Willie Hernandez,Team6,2B,Minors,No,24,Morgan,-,-,-,0,65,67,63,54,55,54,55,58,61,55,64,67,62,58,63,50,63,48,50,75,75,30,30,30,30,30,30,30,30,30,0,0,0,0,0,0,
2.026E+11,Jacob Thompson,Team6,P,Minors,No,20,Buehrle,-,-,-,0,15,15,15,15,15,15,15,15,15,15,13,12,15,51,50,50,50,60,50,92,92,48,45,51,64,66,63,57,52,62,0,0,0,0,0,0,
2.026E+11,Kyle Ryan,Team6,P,Minors,No,22,Maddux,Lights Out,-,-,1,15,15,15,15,15,15,15,15,15,15,13,11,15,51,50,50,50,60,50,88,88,50,45,55,66,73,60,54,56,53,0,0,0,0,0,0,
2.026E+11,Michael Williams,Team6,P,Minors,No,22,Maddux,Pitch to Contact,Escape Artist,-,2,15,15,15,15,15,15,15,15,15,15,17,19,15,51,50,50,50,60,50,88,88,49,45,53,63,58,69,58,54,62,0,0,0,0,0,0,
2.026E+11,Mickey Perez,Team6,P,Minors,No,22,Koufax,-,-,-,0,15,15,15,15,15,15,15,15,15,15,14,14,15,51,50,50,50,60,50,85,85,61,59,63,54,54,55,65,71,60,0,0,0,0,0,0,
2.026E+11,Matthew Walker,Team6,P,Minors,No,19,Lincecum,Rubber Arm,-,-,1,15,15,15,15,15,15,15,15,15,15,13,11,15,51,50,50,50,60,50,78,78,59,54,65,46,45,47,55,66,45,0,0,0,0,0,0,
2.026E+11,Christopher Mays,Team6,P,Minors,No,29,Rivera,Putaway Pitcher,-,-,1,15,15,15,15,15,15,15,15,15,15,21,28,15,51,50,50,50,60,50,19,19,60,65,55,58,60,56,68,60,76,0,0,0,0,0,0,
2.026E+11,Eric Griffey,Team6,P,Minors,No,23,Gagne,-,-,-,0,15,15,15,15,15,15,15,15,15,15,21,28,15,51,50,50,50,60,50,20,20,57,57,58,49,53,45,59,56,62,0,0,0,0,0,0,
2.026E+11,James Mays,Team6,P,Minors,No,22,Gagne,-,-,-,0,15,15,15,15,15,15,15,15,15,15,13,12,15,51,50,50,50,60,50,28,28,69,75,63,53,56,50,62,67,58,0,0,0,0,0,0,
2.026E+11,Nicholas Hernandez,Team6,P,Minors,No,25,Miller,Putaway Pitcher,-,-,1,15,15,15,15,15,15,15,15,15,15,21,28,15,51,50,50,50,60,50,52,52,59,60,59,58,57,60,58,57,60,0,0,0,0,0,0,
2.026E+11,Joshua Harris,Team6,P,Minors,No,25,Fingers,-,-,-,0,15,15,15,15,15,15,15,15,15,15,13,12,15,51,50,50,50,60,50,59,59,50,48,52,57,65,49,57,53,61,0,0,0,0,0,0,
2.026E+11,Stan Perez,Team6,P,Minors,No,24,Miller,Groundball Guru,-,-,1,15,15,15,15,15,15,15,15,15,15,19,24,15,51,50,50,50,60,50,47,47,65,73,57,54,56,52,68,58,79,0,0,0,0,0,0,
2.026E+11,Justin Jackson,Team6,P,Minors,No,26,Miller,Ice in the Veins,Escape Artist,-,2,15,15,15,15,15,15,15,15,15,15,20,26,15,51,50,50,50,60,50,58,58,58,65,52,52,45,60,63,55,71,0,0,0,0,0,0,
2.026E+11,Brian Mantle,Team6,P,Minors,No,26,Miller,-,-,-,0,15,15,15,15,15,15,15,15,15,15,22,30,15,51,50,50,50,60,50,55,55,65,62,69,47,45,50,65,69,61,0,0,0,0,0,0,
2.026E+11,Christopher Lee,Team7,RF,5,No,26,Dunn,Platoon Punisher,Clutch,Speed Demon,3,52,45,59,87,86,79,98,81,88,74,45,45,45,46,47,51,45,50,45,71,71,30,30,30,30,30,30,30,30,30,0,0,0,0,0,0,
2.026E+11,Babe Perez,Team7,1B,3,No,28,Gehrig,-,-,-,0,85,88,82,85,92,83,81,70,74,67,45,45,45,61,45,60,71,69,65,62,62,30,30,30,30,30,30,30,30,30,0,0,0,0,0,0,
2.026E+11,Cy Miller,Team7,SS,7,No,31,Jeter,Gold Glover,Table Setter,-,2,82,82,83,60,61,67,53,79,80,78,71,63,79,72,69,62,74,79,71,75,75,30,30,30,30,30,30,30,30,30,0,0,0,0,0,0,
2.026E+11,Cy Walker,Team7,3B,4,No,30,Brett,Gold Glover,-,-,1,92,92,92,74,85,75,63,76,79,73,56,53,60,67,51,77,80,70,74,71,71,30,30,30,30,30,30,30,30,30,0,0,0,0,0,0,
2.026E+11,Kevin Sanchez,Team7,CF,1,No,25,Lofton,Clutch,First Pitch Killer,Gold Glover,3,73,73,74,57,63,64,45,79,77,81,96,95,97,78,95,86,77,58,67,69,69,30,30,30,30,30,30,30,30,30,0,0,0,0,0,0,
2.026E+11,Hank Perez,Team7,RF,6,Yes,19,Dunn,Unfazed,-,-,1,61,56,66,85,97,68,91,74,77,72,45,45,45,44,40,49,45,50,45,77,77,30,30,30,30,30,30,30,30,30,0,0,0,0,0,0,
2.026E+11,Anthony Martin,Team7,LF,2,No,24,Bonds,Speed Demon,-,-,1,83,81,85,87,86,84,91,86,86,86,74,74,75,71,75,65,72,76,61,83,83,30,30,30,30,30,30,30,30,30,0,0,0,0,0,0,
2.026E+11,Ryan Brown,Team7,CF,Bench,No,18,Griffey,Launch Angle God,-,-,1,71,83,59,89,86,92,91,74,77,71,79,86,73,82,86,84,83,84,72,78,78,30,30,30,30,30,30,30,30,30,0,0,0,0,0,0,
2.026E+11,Kyle Lopez,Team7,2B,8,No,26,Ichiro,-,-,-,0,87,91,84,48,45,54,45,69,69,70,86,87,85,84,93,78,79,81,82,60,60,30,30,30,30,30,30,30,30,30,0,0,0,0,0,0,
2.026E+11,Christopher Gehrig,Team7,SS,Bench,No,29,Ripken,First Pitch Killer,-,-,1,71,72,71,77,79,69,85,71,73,69,50,54,47,69,54,92,75,77,84,68,68,30,30,30,30,30,30,30,30,30,0,0,0,0,0,0,
2.026E+11,Kevin Davis,Team7,C,9,No,28,Mauer,Table Setter,-,-,1,80,79,82,69,77,81,49,76,77,76,49,45,53,64,41,50,80,64,79,69,69,30,30,30,30,30,30,30,30,30,0,0,0,0,0,0,
2.026E+11,Daniel Ripken,Team7,LF,Bench,No,27,Williams,First Pitch Killer,Unfazed,-,2,85,81,90,86,80,93,85,85,86,84,45,45,45,58,51,71,65,56,63,70,70,30,30,30,30,30,30,30,30,30,0,0,0,0,0,0,
2.026E+11,Andrew Mays,Team7,1B,Bench,No,29,Gehrig,Launch Angle God,Speed Demon,-,2,79,70,88,89,93,78,96,74,78,70,51,53,50,57,49,53,69,58,52,61,61,30,30,30,30,30,30,30,30,30,0,0,0,0,0,0,
2.026E+11,Nicholas Ryan,Team7,P,SP1,No,30,Buehrle,Lights Out,-,-,1,15,15,15,15,15,15,15,15,15,15,17,19,15,51,50,50,50,60,50,92,92,66,59,74,77,84,71,76,64,89,0,0,0,0,0,0,
2.026E+11,Kevin Wilson,Team7,P,SP2,No,23,Koufax,Escape Artist,-,-,1,15,15,15,15,15,15,15,15,15,15,14,14,15,51,50,50,50,60,50,85,85,80,80,81,74,80,68,84,85,84,0,0,0,0,0,0,
2.026E+11,Stan Martinez,Team7,P,SP3,No,37,Buehrle,Groundball Guru,-,-,1,15,15,15,15,15,15,15,15,15,15,15,16,15,51,50,50,50,60,50,92,92,65,61,70,74,76,72,69,61,77,0,0,0,0,0,0,
2.026E+11,Jacob Smith,Team7,P,SP4,No,23,Pedro,-,-,-,0,15,15,15,15,15,15,15,15,15,15,21,27,15,51,50,50,50,60,50,80,80,90,92,88,83,77,89,92,93,92,0,0,0,0,0,0,
2.026E+11,James Ryan,Team7,P,SP5,No,22,Ryan,Marathon Man,-,-,1,15,15,15,15,15,15,15,15,15,15,16,18,15,51,50,50,50,60,50,92,92,90,96,84,59,50,69,79,84,75,0,0,0,0,0,0,
2.026E+11,Michael Davis,Team7,P,CL,No,26,Gagne,Putaway Pitcher,-,-,1,15,15,15,15,15,15,15,15,15,15,13,12,15,51,50,50,50,60,50,19,19,80,81,79,78,72,85,77,81,73,0,0,0,0,0,0,
2.026E+11,Jackie Perez,Team7,P,SU,No,30,Rivera,-,-,-,0,15,15,15,15,15,15,15,15,15,15,12,10,15,51,50,50,50,60,50,17,17,79,78,80,87,94,81,86,82,90,0,0,0,0,0,0,
2.026E+11,Richard Wilson,Team7,P,SU,No,29,Gagne,Pitch to Contact,-,-,1,15,15,15,15,15,15,15,15,15,15,14,13,15,51,50,50,50,60,50,19,19,84,91,78,76,78,75,74,78,71,0,0,0,0,0,0,
2.026E+11,Joshua Perez,Team7,P,LR,No,26,Hader,Escape Artist,-,-,1,15,15,15,15,15,15,15,15,15,15,16,18,15,51,50,50,50,60,50,41,41,78,90,67,61,60,62,83,90,76,0,0,0,0,0,0,
2.026E+11,Daniel Bonds,Team7,P,LR,No,28,Miller,-,-,-,0,15,15,15,15,15,15,15,15,15,15,17,19,15,51,50,50,50,60,50,52,52,87,93,81,62,59,65,76,75,78,0,0,0,0,0,0,
2.026E+11,Ty Mantle,Team7,P,MR,No,27,Miller,Escape Artist,-,-,1,15,15,15,15,15,15,15,15,15,15,15,15,15,51,50,50,50,60,50,46,46,83,85,82,62,62,62,89,88,91,0,0,0,0,0,0,
2.026E+11,Kevin Anderson,Team7,P,MR,No,29,Miller,Marathon Man,-,-,1,15,15,15,15,15,15,15,15,15,15,21,28,15,51,50,50,50,60,50,48,48,81,83,80,73,73,74,81,83,79,0,0,0,0,0,0,
2.026E+11,Joseph Wilson,Team7,P,MR,No,31,Fingers,-,-,-,0,15,15,15,15,15,15,15,15,15,15,16,18,15,51,50,50,50,60,50,46,46,74,74,75,82,75,89,74,74,74,0,0,0,0,0,0,
2.026E+11,Daniel Jones,Team7,C,Minors,No,19,Molina,-,-,-,0,51,46,57,46,49,45,45,51,53,49,45,45,45,56,41,57,67,63,61,85,85,30,30,30,30,30,30,30,30,30,0,0,0,0,0,0,
2.026E+11,Hank Harris,Team7,3B,Minors,No,19,Boggs,Table Setter,-,-,1,64,58,71,45,45,47,45,62,57,67,45,45,45,48,49,69,45,55,45,67,67,30,30,30,30,30,30,30,30,30,0,0,0,0,0,0,
2.026E+11,Babe Moore,Team7,SS,Minors,No,25,Zobrist,Platoon Punisher,-,-,1,50,45,55,55,60,48,58,52,55,50,51,45,57,45,45,55,45,45,47,75,75,30,30,30,30,30,30,30,30,30,0,0,0,0,0,0,
2.026E+11,Joseph Johnson,Team7,2B,Minors,No,26,Zobrist,-,-,-,0,63,59,67,51,45,56,52,55,59,52,47,48,47,56,55,56,62,49,55,75,75,30,30,30,30,30,30,30,30,30,0,0,0,0,0,0,
2.026E+11,Jim Jackson,Team7,LF,Minors,No,20,Rickey,-,-,-,0,56,60,52,51,46,63,45,63,64,62,68,68,69,54,61,50,56,45,45,78,78,30,30,30,30,30,30,30,30,30,0,0,0,0,0,0,
2.026E+11,Lou Anderson,Team7,1B,Minors,No,23,Pujols,First Pitch Killer,-,-,1,56,62,50,65,70,61,65,67,69,66,45,45,45,51,40,57,59,56,57,84,84,30,30,30,30,30,30,30,30,30,0,0,0,0,0,0,
2.026E+11,Eric Anderson,Team7,1B,Minors,Yes,18,Gehrig,-,-,-,0,60,57,63,62,59,63,64,48,46,51,45,45,45,49,47,45,53,50,45,75,75,30,30,30,30,30,30,30,30,30,0,0,0,0,0,0,
2.026E+11,Ty Garcia,Team7,LF,Minors,No,22,Bonds,Gold Glover,-,-,1,63,65,61,73,71,74,74,61,62,61,53,51,56,54,47,45,57,53,63,67,67,30,30,30,30,30,30,30,30,30,0,0,0,0,0,0,
2.026E+11,James Gehrig,Team7,CF,Minors,No,25,Ichiro,-,-,-,0,67,71,64,45,45,47,45,51,45,57,65,63,67,61,66,69,59,55,61,84,84,30,30,30,30,30,30,30,30,30,0,0,0,0,0,0,
2.026E+11,David Rodriguez,Team7,RF,Minors,No,22,Dunn,-,-,-,0,45,45,45,60,61,51,69,65,65,65,45,45,45,48,54,45,45,45,45,74,74,30,30,30,30,30,30,30,30,30,0,0,0,0,0,0,
2.026E+11,Justin Lewis,Team7,3B,Minors,No,25,Schmidt,Clutch,-,-,1,56,54,59,68,71,63,72,63,63,63,45,45,45,55,40,69,65,58,67,72,72,30,30,30,30,30,30,30,30,30,0,0,0,0,0,0,
2.026E+11,Brian Griffey,Team7,SS,Minors,No,23,Ripken,-,-,-,0,53,45,61,55,54,54,59,53,53,54,45,45,45,56,44,73,63,66,56,65,65,30,30,30,30,30,30,30,30,30,0,0,0,0,0,0,
2.026E+11,Lou Aaron,Team7,CF,Minors,No,22,Zobrist,-,-,-,0,50,53,48,55,50,62,53,52,53,52,56,62,51,61,69,61,59,48,64,72,72,30,30,30,30,30,30,30,30,30,0,0,0,0,0,0,
2.026E+11,Mark Davis,Team7,P,Minors,No,27,Pedro,Marathon Man,-,-,1,15,15,15,15,15,15,15,15,15,15,20,25,15,51,50,50,50,60,50,80,80,57,58,57,61,60,63,66,70,63,0,0,0,0,0,0,
2.026E+11,James Thomas,Team7,P,Minors,No,20,Lincecum,-,-,-,0,15,15,15,15,15,15,15,15,15,15,20,25,15,51,50,50,50,60,50,78,78,69,72,67,57,58,57,62,68,57,0,0,0,0,0,0,
2.026E+11,Cy Bonds,Team7,P,Minors,No,28,Lincecum,Rubber Arm,-,-,1,15,15,15,15,15,15,15,15,15,15,22,30,15,51,50,50,50,60,50,78,78,58,49,67,50,46,55,67,71,64,0,0,0,0,0,0,
2.026E+11,Kevin Lewis,Team7,P,Minors,No,18,Wakefield,Escape Artist,-,-,1,15,15,15,15,15,15,15,15,15,15,20,25,15,51,50,50,50,60,50,95,95,45,45,45,49,45,53,61,45,77,0,0,0,0,0,0,
2.026E+11,Thomas Ripken,Team7,P,Minors,No,19,Buehrle,-,-,-,0,15,15,15,15,15,15,15,15,15,15,12,10,15,51,50,50,50,60,50,92,92,59,56,62,58,57,59,49,53,46,0,0,0,0,0,0,
2.026E+11,Brian Sanchez,Team7,P,Minors,No,24,Rivera,-,-,-,0,15,15,15,15,15,15,15,15,15,15,22,30,15,51,50,50,50,60,50,20,20,61,71,52,59,62,56,70,64,76,0,0,0,0,0,0,
2.026E+11,Joshua Johnson,Team7,P,Minors,No,23,Gagne,Ice in the Veins,-,-,1,15,15,15,15,15,15,15,15,15,15,22,29,15,51,50,50,50,60,50,22,22,59,64,55,57,53,61,62,63,62,0,0,0,0,0,0,
2.026E+11,Mickey Lopez,Team7,P,Minors,No,21,Chapman,Marathon Man,-,-,1,15,15,15,15,15,15,15,15,15,15,15,16,15,51,50,50,50,60,50,29,29,68,73,64,45,45,45,45,45,45,0,0,0,0,0,0,
2.026E+11,William Bonds,Team7,P,Minors,No,21,Fingers,Lights Out,-,-,1,15,15,15,15,15,15,15,15,15,15,19,23,15,51,50,50,50,60,50,47,47,51,49,53,55,62,48,62,57,68,0,0,0,0,0,0,
2.026E+11,Nicholas Brown,Team7,P,Minors,No,25,Hader,-,-,-,0,15,15,15,15,15,15,15,15,15,15,17,20,15,51,50,50,50,60,50,48,48,68,72,65,50,51,50,61,67,56,0,0,0,0,0,0,
2.026E+11,Mark Anderson,Team7,P,Minors,No,20,Fingers,-,-,-,0,15,15,15,15,15,15,15,15,15,15,14,13,15,51,50,50,50,60,50,56,56,52,53,51,56,56,57,51,49,54,0,0,0,0,0,0,
2.026E+11,Tyler Martin,Team7,P,Minors,No,22,Miller,Rubber Arm,-,-,1,15,15,15,15,15,15,15,15,15,15,19,23,15,51,50,50,50,60,50,56,56,60,56,64,54,45,63,76,75,78,0,0,0,0,0,0,
2.026E+11,Steven Griffey,Team7,P,Minors,No,24,Hader,Lights Out,-,-,1,15,15,15,15,15,15,15,15,15,15,16,17,15,51,50,50,50,60,50,55,55,63,69,58,51,46,57,58,66,51,0,0,0,0,0,0,
2.026E+11,Nolan Brown,Team8,RF,3,No,31,Gwynn,-,-,-,0,84,88,81,46,49,46,45,82,94,70,63,58,68,69,64,58,75,65,72,77,77,30,30,30,30,30,30,30,30,30,0,0,0,0,0,0,
2.026E+11,Hank Clark,Team8,SS,5,No,20,Jeter,Launch Angle God,-,-,1,80,91,70,60,64,64,54,72,82,62,74,76,73,71,81,45,67,66,69,85,85,30,30,30,30,30,30,30,30,30,0,0,0,0,0,0,
2.026E+11,Jonathan Martinez,Team8,1B,6,No,27,Keith,Clutch,-,-,1,76,77,75,63,62,63,64,75,77,74,45,45,45,67,46,82,85,74,71,71,71,30,30,30,30,30,30,30,30,30,0,0,0,0,0,0,
2.026E+11,Kevin Ripken,Team8,CF,7,No,25,Lofton,-,-,-,0,78,81,75,58,49,69,58,77,82,73,92,90,94,82,96,81,87,70,59,82,82,30,30,30,30,30,30,30,30,30,0,0,0,0,0,0,
2.026E+11,Lou Rodriguez,Team8,RF,1,Yes,26,Gwynn,-,-,-,0,94,94,95,53,63,50,48,73,67,79,65,62,69,67,66,59,70,65,70,72,72,30,30,30,30,30,30,30,30,30,0,0,0,0,0,0,
2.026E+11,Andrew Bonds,Team8,C,4,No,27,Bench,-,-,-,0,66,63,70,80,85,76,80,74,75,74,45,45,45,67,48,50,72,80,82,71,71,30,30,30,30,30,30,30,30,30,0,0,0,0,0,0,
2.026E+11,James White,Team8,3B,9,No,28,Boggs,-,-,-,0,89,90,89,60,57,66,59,89,89,90,48,51,45,69,60,82,83,73,56,75,75,30,30,30,30,30,30,30,30,30,0,0,0,0,0,0,
2.026E+11,Zachary White,Team8,LF,8,No,31,Williams,-,-,-,0,85,79,92,82,81,91,74,82,85,80,45,45,45,54,42,59,61,64,59,85,85,30,30,30,30,30,30,30,30,30,0,0,0,0,0,0,
2.026E+11,Daniel Gonzalez,Team8,SS,Bench,No,30,Jeter,-,-,-,0,79,84,75,61,69,71,45,62,61,63,72,67,78,68,67,60,69,71,68,82,82,30,30,30,30,30,30,30,30,30,0,0,0,0,0,0,
2.026E+11,Jackie Garcia,Team8,C,Bench,No,23,Bench,-,-,-,0,72,73,71,74,75,76,72,75,72,78,45,45,45,72,46,68,85,90,82,74,74,30,30,30,30,30,30,30,30,30,0,0,0,0,0,0,
2.026E+11,Robert Lewis,Team8,2B,2,No,29,Alomar,Unfazed,-,-,1,76,79,74,65,69,69,58,73,74,72,78,77,79,77,78,78,78,75,77,75,75,30,30,30,30,30,30,30,30,30,0,0,0,0,0,0,
2.026E+11,Kevin Mays,Team8,CF,Bench,No,26,Lofton,-,-,-,0,80,76,84,50,55,52,45,74,73,76,87,84,91,71,82,88,72,64,56,70,70,30,30,30,30,30,30,30,30,30,0,0,0,0,0,0,
2.026E+11,Daniel Martin,Team8,1B,Bench,No,24,Keith,Unfazed,Platoon Punisher,-,2,73,75,71,64,67,72,54,69,72,67,49,54,45,65,47,87,83,64,71,74,74,30,30,30,30,30,30,30,30,30,0,0,0,0,0,0,
2.026E+11,Thomas Moore,Team8,P,SP1,No,28,Wakefield,-,-,-,0,15,15,15,15,15,15,15,15,15,15,14,13,15,51,50,50,50,60,50,95,95,50,45,56,62,66,59,67,45,90,0,0,0,0,0,0,
2.026E+11,Cy Walker,Team8,P,SP2,No,27,Wakefield,-,-,-,0,15,15,15,15,15,15,15,15,15,15,13,11,15,51,50,50,50,60,50,95,95,48,45,52,64,57,71,72,45,99,0,0,0,0,0,0,
2.026E+11,Steven Ramirez,Team8,P,SP3,No,28,R.Johnson,Marathon Man,-,-,1,15,15,15,15,15,15,15,15,15,15,14,14,15,51,50,50,50,60,50,85,85,88,90,86,74,67,82,87,84,90,0,0,0,0,0,0,
2.026E+11,Robert Smith,Team8,P,SP4,No,34,Gibson,-,-,-,0,15,15,15,15,15,15,15,15,15,15,15,15,15,51,50,50,50,60,50,95,95,83,84,83,88,84,92,79,78,81,0,0,0,0,0,0,
2.026E+11,Mark Brown,Team8,P,SP5,No,26,Pedro,Pitch to Contact,-,-,1,15,15,15,15,15,15,15,15,15,15,15,16,15,51,50,50,50,60,50,80,80,78,85,71,77,76,78,87,78,96,0,0,0,0,0,0,
2.026E+11,Willie Garcia,Team8,P,CL,No,26,Rivera,Escape Artist,-,-,1,15,15,15,15,15,15,15,15,15,15,21,28,15,51,50,50,50,60,50,16,16,78,74,82,88,88,88,77,73,82,0,0,0,0,0,0,
2.026E+11,Eric Garcia,Team8,P,SU,No,32,Chapman,-,-,-,0,15,15,15,15,15,15,15,15,15,15,19,23,15,51,50,50,50,60,50,23,23,91,99,84,54,48,60,76,83,70,0,0,0,0,0,0,
2.026E+11,Eric Lee,Team8,P,SU,No,30,Rivera,Escape Artist,Groundball Guru,-,2,15,15,15,15,15,15,15,15,15,15,20,25,15,51,50,50,50,60,50,28,28,73,80,66,89,89,90,94,94,95,0,0,0,0,0,0,
2.026E+11,Steven Johnson,Team8,P,LR,No,25,Fingers,Lights Out,Groundball Guru,-,2,15,15,15,15,15,15,15,15,15,15,13,12,15,51,50,50,50,60,50,58,58,80,79,81,89,87,92,70,73,67,0,0,0,0,0,0,
2.026E+11,Ty Griffey,Team8,P,LR,No,24,Fingers,Marathon Man,-,-,1,15,15,15,15,15,15,15,15,15,15,17,19,15,51,50,50,50,60,50,49,49,74,68,80,85,90,80,78,80,77,0,0,0,0,0,0,
2.026E+11,Joshua Hernandez,Team8,P,MR,No,22,Hader,-,-,-,0,15,15,15,15,15,15,15,15,15,15,22,29,15,51,50,50,50,60,50,60,60,87,92,82,66,64,68,82,88,77,0,0,0,0,0,0,
2.026E+11,Justin Lee,Team8,P,MR,No,29,Hader,-,-,-,0,15,15,15,15,15,15,15,15,15,15,21,28,15,51,50,50,50,60,50,49,49,88,86,91,66,62,70,81,89,73,0,0,0,0,0,0,
2.026E+11,Justin Gwynn,Team8,P,MR,No,19,Miller,Putaway Pitcher,Escape Artist,-,2,15,15,15,15,15,15,15,15,15,15,16,18,15,51,50,50,50,60,50,46,46,78,80,76,71,72,71,85,87,83,0,0,0,0,0,0,
2.026E+11,Richard White,Team8,CF,Minors,No,20,Lofton,Unfazed,-,-,1,63,65,62,46,45,50,45,60,56,65,60,56,65,50,56,64,51,45,45,86,86,30,30,30,30,30,30,30,30,30,0,0,0,0,0,0,
2.026E+11,Eric Smith,Team8,RF,Minors,No,24,Ruth,-,-,-,0,58,55,62,57,55,63,53,59,67,52,45,45,45,49,42,45,45,63,57,64,64,30,30,30,30,30,30,30,30,30,0,0,0,0,0,0,
2.026E+11,Lou Ripken,Team8,SS,Minors,No,18,Ozzie,Speed Demon,-,-,1,59,55,63,45,45,45,45,59,62,57,64,66,63,64,67,80,61,61,71,70,70,30,30,30,30,30,30,30,30,30,0,0,0,0,0,0,
2.026E+11,William Ripken,Team8,C,Minors,No,19,Mauer,First Pitch Killer,-,-,1,62,63,62,54,55,46,61,57,61,53,45,45,45,51,44,45,53,53,62,71,71,30,30,30,30,30,30,30,30,30,0,0,0,0,0,0,
2.026E+11,John Williams,Team8,2B,Minors,No,20,Kent,Unfazed,-,-,1,59,58,61,64,69,70,54,48,51,45,45,45,45,46,43,60,50,45,48,73,73,30,30,30,30,30,30,30,30,30,0,0,0,0,0,0,
2.026E+11,Willie Hernandez,Team8,RF,Minors,Yes,20,Ruth,Table Setter,-,-,1,58,53,63,62,61,66,60,62,65,59,45,45,45,44,40,45,45,50,45,78,78,30,30,30,30,30,30,30,30,30,0,0,0,0,0,0,
2.026E+11,Nolan Ramirez,Team8,LF,Minors,No,18,Bonds,Gold Glover,-,-,1,58,56,60,63,57,71,63,60,59,61,48,47,49,52,44,45,63,50,51,72,72,30,30,30,30,30,30,30,30,30,0,0,0,0,0,0,
2.026E+11,Daniel Martin,Team8,2B,Minors,No,25,Alomar,Speed Demon,-,-,1,57,56,58,45,45,45,45,64,60,69,55,45,65,50,47,57,58,48,45,75,75,30,30,30,30,30,30,30,30,30,0,0,0,0,0,0,
2.026E+11,Robert Lewis,Team8,LF,Minors,No,24,Bonds,Gold Glover,Platoon Punisher,-,2,55,51,60,61,73,52,59,65,70,61,53,53,53,51,55,48,51,52,45,86,86,30,30,30,30,30,30,30,30,30,0,0,0,0,0,0,
2.026E+11,Steven Walker,Team8,C,Minors,No,21,Zobrist,Launch Angle God,-,-,1,54,54,54,51,45,53,55,50,45,55,45,45,46,49,41,51,55,54,51,72,72,30,30,30,30,30,30,30,30,30,0,0,0,0,0,0,
2.026E+11,Babe Brown,Team8,3B,Minors,No,18,Brett,-,-,-,0,64,65,63,51,48,52,54,54,51,58,45,45,45,52,47,61,52,56,58,67,67,30,30,30,30,30,30,30,30,30,0,0,0,0,0,0,
2.026E+11,Eric Garcia,Team8,1B,Minors,No,18,Keith,First Pitch Killer,-,-,1,59,63,55,50,53,53,45,56,58,55,45,45,45,56,40,57,75,51,56,76,76,30,30,30,30,30,30,30,30,30,0,0,0,0,0,0,
2.026E+11,Joseph Ruth,Team8,SS,Minors,No,18,Ichiro,Table Setter,-,-,1,60,68,52,45,45,45,45,52,50,55,61,62,61,64,70,59,59,55,75,83,83,30,30,30,30,30,30,30,30,30,0,0,0,0,0,0,
2.026E+11,William Wilson,Team8,P,Minors,No,22,Ryan,Putaway Pitcher,-,-,1,15,15,15,15,15,15,15,15,15,15,15,15,15,51,50,50,50,60,50,92,92,64,75,54,47,45,49,59,59,60,0,0,0,0,0,0,
2.026E+11,Jacob Moore,Team8,P,Minors,No,23,Buehrle,Putaway Pitcher,-,-,1,15,15,15,15,15,15,15,15,15,15,19,23,15,51,50,50,50,60,50,92,92,46,48,45,62,63,61,54,47,62,0,0,0,0,0,0,
2.026E+11,Jackie Ramirez,Team8,P,Minors,No,24,Pedro,Rubber Arm,-,-,1,15,15,15,15,15,15,15,15,15,15,13,11,15,51,50,50,50,60,50,80,80,63,65,62,51,47,55,64,64,65,0,0,0,0,0,0,
2.026E+11,Mark Bonds,Team8,P,Minors,No,18,Ryan,Rubber Arm,-,-,1,15,15,15,15,15,15,15,15,15,15,20,25,15,51,50,50,50,60,50,92,92,65,68,62,49,45,53,54,64,45,0,0,0,0,0,0,
2.026E+11,Anthony Anderson,Team8,P,Minors,No,22,Ryan,Groundball Guru,-,-,1,15,15,15,15,15,15,15,15,15,15,14,14,15,51,50,50,50,60,50,92,92,61,69,54,46,45,48,59,61,57,0,0,0,0,0,0,
2.026E+11,Tyler Lee,Team8,P,Minors,No,23,Rivera,-,-,-,0,15,15,15,15,15,15,15,15,15,15,16,17,15,51,50,50,50,60,50,28,28,58,60,56,64,60,69,63,58,69,0,0,0,0,0,0,
2.026E+11,Nicholas Harris,Team8,P,Minors,No,21,Gagne,-,-,-,0,15,15,15,15,15,15,15,15,15,15,18,21,15,51,50,50,50,60,50,19,19,55,56,54,62,55,69,60,56,64,0,0,0,0,0,0,
2.026E+11,Thomas Garcia,Team8,P,Minors,No,22,Rivera,Lights Out,-,-,1,15,15,15,15,15,15,15,15,15,15,16,17,15,51,50,50,50,60,50,17,17,58,56,61,73,69,78,62,57,68,0,0,0,0,0,0,
2.026E+11,Cy Hernandez,Team8,P,Minors,No,25,Fingers,Lights Out,-,-,1,15,15,15,15,15,15,15,15,15,15,14,14,15,51,50,50,50,60,50,50,50,53,54,53,66,66,67,51,46,57,0,0,0,0,0,0,
2.026E+11,Willie Moore,Team8,P,Minors,No,21,Miller,Lights Out,-,-,1,15,15,15,15,15,15,15,15,15,15,16,17,15,51,50,50,50,60,50,56,56,66,65,67,51,47,56,70,75,65,0,0,0,0,0,0,
2.026E+11,Nicholas Gwynn,Team8,P,Minors,No,29,Hader,Lights Out,Groundball Guru,-,2,15,15,15,15,15,15,15,15,15,15,20,26,15,51,50,50,50,60,50,40,40,58,65,52,45,45,45,63,82,45,0,0,0,0,0,0,
2.026E+11,Kevin Gonzalez,Team8,P,Minors,No,22,Miller,-,-,-,0,15,15,15,15,15,15,15,15,15,15,18,22,15,51,50,50,50,60,50,56,56,64,70,58,53,48,58,59,58,60,0,0,0,0,0,0,
2.026E+11,Andrew White,Team8,P,Minors,No,23,Fingers,-,-,-,0,15,15,15,15,15,15,15,15,15,15,18,22,15,51,50,50,50,60,50,56,56,54,57,51,65,67,63,65,72,58,0,0,0,0,0,0,
